0,777
A/co Germany,15
Aar,33
Abas Ka,1
Abasia,43
Abc-ihushi Development Cent,1
Abd,7
Abdala,1
Abddwe,1
Abdul,1
Abood,2
Abs,1
Aco/germany,13
Acord,3
Acord Ngo,2
Acra,46
Act,1
Act Mara,1
Action Aid,8
Action Contre La Faim,9
Action In A,1
Adap,4
Adb,448
Adf,6
Adp,25
Adp Bungu,2
Adp Mombo,14
Adp/w,2
Adra,263
Af,12
Afdp,1
Afric,1
Africa,2
Africa 2000 Network/undp,2
Africa Amini Alama,2
Africa Project Ev Germany,1
African,128
African 2000 Network,2
African Barrick Gold,2
African Development Bank,35
African Development Foundation,6
African Muslim Agency,15
African Realief Committe Of Ku,2
African Reflections Foundation,1
African Relie,15
Africaone Ltd,1
Africare,7
Afriican Reli,1
Afroz Ismail,1
Afya Department Lindi Rural,1
Agape Churc,1
Agt Church,1
Ahmadia,1
Ai,12
Aic,13
Aic Church,2
Aic Kij,1
Aict,85
Aimgold,9
Aixos,1
Alia,1
Ambwene Mwaikek,1
Amref,425
Amrefe,1
Anglican Church,126
Angrikana,8
Anjuman E Seifee,3
Answeer Muslim Grou,1
Apm,1
Apm[africa Precious Metals Lt,1
Aqua Blues Angels,1
Arab Community,1
Arabi,1
Arabs Community,2
Ardhi Instute,2
Area,1
Artisan,1
Asb,18
Asdp,5
Asgerali N Bharwan,1
Auwasa,10
Awf,3
B.A.P,1
Ba As,13
Babtest,1
Babtist,1
Bahewasa,17
Bahresa,1
Bakari Chimkube,1
Bakwata,1
Ballo,1
Balo,5
Balyehe,1
Banca Reale,1
Bank,22
Bao,1
Baptist Church,7
Baric,7
Bathlomew Vicent,1
Batist Church,1
Belgian Government,10
Belgij,3
Bened,17
Benguka,13
Bffs,9
Bfwd,1
Bgm,24
Bgss,1
Bgssws,1
Bhws,1
Bilila,5
Bingo Foundation,3
Bingo Foundation Germany,1
Bio Fuel Company,2
Biore,31
Birage,1
Bkhws,1
Boazi,1
Boazi /o,1
Bobby,3
Bokera W,2
Boma Saving,1
Bong-kug Ohh/choonlza Lee,1
Bonite Bottles Ltd,1
Br,8
Bra,1
Brad,1
Brdp,5
Bread For The Wor,2
Bread Of The Worl,1
Bridge North,4
British Colonial Government,8
British Tanza,2
Brown,1
Bruder,16
Bs,7
Bsf,117
Bukumbi,1
Bukwang Church Saint,1
Bukwang Church Saints,1
Buluga Subvillage Community,1
Bulyahunlu Gold Mine,13
Bumabu,1
Buptist,1
Busoga Trust,1
C,2
Cafod,41
Caltas,5
Caltas Tanzania,1
Caltaz Kahama,1
Caltus,6
Calvary Connect,2
Camartec,1
Camavita,8
Canada,12
Canada Aid,1
Care Int,1
Care International,24
Care/cipro,2
Care/dwe,1
Caritas,70
Carmatech,1
Cartas Tanzania,4
Cast,4
Cathoric,1
Cbhi,5
Cc Motor Day 2010,1
Ccp,1
Ccpk,1
Ccps,1
Cct,18
Cdcg,26
Cdft,1
Cdg,4
Cdtf,70
Cdtfdistrict Council,2
Cefa,67
Cefa-njombe,23
Cefa/rcchurch,1
Ces (gmbh),165
Ces(gmbh),260
Cg,30
Cg/rc,1
Cgc,1
Cgi,2
Ch,1
Chacha,2
Chacha Issame,1
Chai Wazir,1
Chama Cha Ushirika,1
Chamavita,10
Chani,2
Charlotte Well,1
Cheni,3
China Government,51
Chmavita,1
Chongolo,1
Christan Outrich,1
Christian Outrich,4
Chuo,1
Churc,30
Church,5
Church Of Disciples,1
Cida,1
Cip,2
Cipro,2
Cipro/care,3
Cipro/care/tcrs,7
Cipro/government,21
Clause,6
Cmcr,23
Cmsr,81
Co,111
Cobashec,9
Cocen,52
Cocern,29
Cocu,1
College,1
Colonial Government,3
Commu,62
Community,126
Community Bank,1
Compa,2
Company,2
Compasion International,1
Comune Di Roma,1
Comunedi Roma,1
Comunity Construction Fund,1
Conce,68
Concen,4
Concern,108
Concern /govern,6
Concern World Wide,145
Concern/governm,3
Cope,2
Costantine Herman,1
Council,9
Cpar,1
Cper,1
Cpps,4
Cpps Mission,1
Cpro,5
Craelius,1
Cristan Outrich,1
Crs,1
Csf,1
Cspd,30
Cvs Miss,1
D,8
D Ct,1
Da Unoperaio Siciliano,1
Dacp,1
Dadid,1
Dadis,25
Dadp,3
Dads,46
Dae Yeol And Chae Lynn,1
Dagida,1
Daida,1
Dak,11
Daldo,1
Danida,3114
Danida /government,3
Dar Al Ber,15
Dar Es Salaam Round Table,1
Dasiip,1
Dasip,37
Dasp,18
Dasp Ltd,1
Dassip,14
Dawasa,2
Dawasco,6
Dbfpe,3
Dbsp,1
Dbspe,5
Dct,19
Ddca,1
Ddp,5
De,10
Ded,198
Ded Kilo,1
Ded/rwssp,1
Ded_rwsp,1
Denat,2
Denish,2
Deogratius Kasima,1
Desk And Chair Foundation,9
Devon Aid Korogwe,46
Dfid,110
Dgv,1
Dh,213
Dhinu,3
Dhv,829
Dhv Moro,19
Dhv/gove,10
Dhv\norp,32
Dhv\swis,1
Dimon,1
Dina,1
Dioce,2
Diocese Of Geita,4
Diocese Of Mount Kilimanjaro,1
District Council,843
District Medical,1
District Rural Project,1
Diwani,3
Dmd,1
Dmdd,186
Dmdd/solider,1
Dmk,5
Dmk Anglican,1
Dmmd,2
Dmo,2
Do,8
Doctor Mwambi,1
Doddea,3
Dokta Mwandulam,1
Dom,1
Domestic Rural Development Pr,1
Domestic Rural Development Pro,5
Domestic Water Supply Project,2
Dominiki Simwen,1
Doner And Com,1
Doner And Ded,1
Donor,41
Dqnida,1
Drdp,1
Drdp Ngo,17
Drv Na Idara,1
Drwssp,1
Dsdp,1
Dsp,2
Duka,1
Duwas,8
Dv,1
Dw,27
Dwarf,1
Dwe,484
Dwe And Veo,2
Dwe/anglican Church,1
Dwe/bamboo Projec,4
Dwe/norad,50
Dwe/rudep,1
Dwe/ubalozi Wa Marekani,1
Dwsdp,1
Dwsp,811
Dwssp,47
Dwst,1
Dwt,3
Ea,5
Eastmeru Medium School,1
Eater,1
Ebaha,8
Eco Lodge,1
Education Funds,1
Efg,19
Egypt,2
Egypt Government,2
Egypt Technical Co Operation,1
El,7
Elca,1
Elct,15
Embasy Of Japan In Tanzania,1
Engin,3
Engineers Without Border,1
Eno,2
Enyuati,1
Enyueti,3
Ereto,28
Ermua,1
Erre Kappa,1
Esawa,1
Ester Ndege,1
Eu,3
Eu/acra,18
Eung Am Methodist Church,1
Eung-am Methodist Church,1
European Union,48
F,3
Fabia,1
Fao,2
Farm Africa,4
Farm-africa,1
Fathe,37
Father Bonifasi,17
Father W,2
Fdc,1
Fida,1
Filo,6
Fin Water,72
Fini Water,393
Finida German Tanzania Govt,53
Finidagermantanzania Govt,11
Finland,15
Finland Government,16
Finn Water,33
Finw,219
Finwater,29
Fiwater,1
Floresta,3
Folac,1
Foreigne,2
Fosecu,1
Fpct,15
Fpct Church,3
Fpct Mulala,1
Fptc - Pent,2
Franc,13
France,8
Frankfurt,1
Fredked Conservation,1
Free Pentecoste Church Of Tanz,4
Fresh Water Plc England,1
Friedkin Conservation Fund,1
Friend From Un,1
Friends Of Kibara Foundation,2
Friends Of Ulambo And Mwanhala,1
Full Gospel Church,1
Fw,173
G.D&i.D,2
Ga,30
Gachuma Ginery,3
Gaica,6
Gain,18
Game Division,1
Game Fronti,2
Gdp,1
Geita Goldmain,3
Gen,54
Geochaina,4
Gerald Tuseko Gro,1
German Missionary,1
Germany,101
Germany Cristians,1
Germany Misionary,11
Germany Missionary,1
Germany Republi,610
Gesawa,2
Getdsc00,1
Getekwe,1
Gg,1
Ggm,3
Gil Cafe'church',1
Giovan Disinistra Per Salve,1
Giz,42
Global Fund,2
Go,181
Godii,1
Goldmain,1
Goldwill Foundation,1
Government,2
Government /sda,1
Government /tassaf,8
Government /world Vision,1
Government And Community,1
Government Of Misri,2
Government Of Tanzania,9084
Government/ Community,11
Government/ World Bank,9
Government/school,1
Government/tassaf,2
Government/tcrs,1
Gra Na Halmashauri,1
Grail Mission Kiseki Bar,1
Grazie Franco Lucchini,1
Grazie Grouppo Padre Fiorentin,1
Greec,5
Greinaker,3
Greineker,2
Grumeti,53
Gt,6
Gtz,84
Gurdians,1
Gwitembe,2
H,86
H/w,3
H4ccp,1
Haam,1
Haidomu Lutheran Church,1
Halimashau,1
Halimashauli,1
Halmashauli,2
Halmashaur,8
Halmashauri,27
Halmashauri Wil,2
Halmashauri Ya Manispa Tabora,13
Halmashauri Ya Wilaya,3
Halmashauri Ya Wilaya Sikonge,102
Ham,18
Hamref,1
Handeni Trunk Main(,5
Handeni Trunk Maini,1
Hans,25
Hapa,7
Hapa Singida,1
Happy Watoto Foundation,30
Haruna Mpog,1
Hasawa,1
Hashi,1
Hasnan Murig (mbunge),1
Hasnein Muij Mbunge,1
Hasnein Murij,1
Hassan Gulam,1
Haydom Lutheran Hospital,1
Hdv,1
He,125
Healt,9
Health  Ministry,1
Hearts Helping Hands.Inc.,1
Henure Dema,1
Heri Mission,1
Hery,1
Hesaw,5
Hesawa,2202
Hesawa And Concern World Wide,1
Hesawwa,1
Hesawz,5
Hesawza,1
Hesswa,1
Hewasa,25
Hewawa,1
Hez,1
Hhesawa,1
Hiap,4
Hifab,450
Hilfe Fur Brunder,1
Hindu,3
Holand,2
Holili Water Supply,1
Holla,9
Holland,33
Hongoli,1
Hortanzia,9
Hospital,5
Hotels And Lodge Tanzania,1
Hotels And Loggs Tz Ltd,1
Hpa,2
Hsw,101
Htm,2
Huches,1
Hw/rc,27
Hydom Luthelani,3
I Wash,27
I.E.C,8
Iado,1
Icap,1
Icdp,1
Icf,1
Ics,33
Idara Ya Maji,54
Idc,92
Idea,11
Idf,1
Idydc,17
If,1
Ifad,27
Ifakara,3
Igolola Community,1
Ikela Wa,9
Ikeuchi Towels Japan,2
Il,29
Ilaramataki,1
Ilct,23
Ilkeri Village,5
Ilo,33
Ilo/undp,1
Ilwilo Community,1
Imf,14
In,6
In Memoria Di Albeto,1
Incerto,1
Inkinda,1
Insititutiona,1
Institution,12
Institutional,4
Insututional,2
Internal Drainage Basin,1
International Aid Services,1
Investor,2
Iom,1
Ir,123
Iran Gover,2
Irc,2
Irevea Sister,3
Irevea Sister Water,1
Irish Ai,59
Irish Government,2
Is,125
Isf,316
Isf / Tasaff,1
Isf/government,16
Isf/gvt,1
Isf/tacare,14
Isingiro Ho,14
Islam,6
Islamic,20
Islamic Agency Tanzania,2
Islamic Community,1
Islamic Found,35
Islamic Society,1
Isnashia And,1
Issa Mohamedi Tumwanga,1
Italian,1
Italy,2
Italy Government,3
Iucn,1
Jacobin,1
Jafary Mbaga,1
Jaica,280
Jamal,1
Jamal Abdallah,1
Japan,82
Japan  Food Aid Counter Part,1
Japan Aid,3
Japan Embassy,3
Japan Food,5
Japan Food Aid,1
Japan Government,1
Jbg,38
Jeica,13
Jeshi La Wokovu,6
Jeshi La Wokovu [cida],1
Jeshi Lawokovu,1
Jgb,5
Jica,259
Jika,30
Jimbo Fund,6
Jimmy,2
Jipa,1
John Fund,1
John Gileth,1
John Skwese,1
Ju,1
Ju-sarang Church' And Bugango,1
Judge Mchome,2
Juhibu,2
Juma,1
Jumaa,1
Jumanne,1
Jumanne Siabo,1
Justine Marwa,1
Jwtz,1
K,2
Ka,39
Kaaya,1
Kadip,1
Kadp,19
Kadres Ngo,9
Kaemp,69
Kagera,1
Kagera Mine,1
Kagunguli Secondary,1
Kahema,1
Kajima,1
Kalebejo Parish,1
Kalitasi,24
Kalitesi,1
Kalta,30
Kamama,1
Kamata Project,1
Kambi Migoko,2
Kanamama,1
Kando,1
Kanis,1
Kanisa,9
Kanisa Katoliki,7
Kanisa Katoliki Lolovoni,31
Kanisa La Menonite,27
Kanisa La Mitume,1
Kanisa La Neema,1
Kanisa La Tag,1
Kanisani,1
Kapelo,1
Karadea Ngo,1
Kashwas,4
Kassim,1
Kata,2
Kauzeni,1
Kayempu Ltd,1
Kc,1
Kcu,1
Kdc,1
Kdpa,1
Kdrdp Ngo,2
Kegocha,1
Kenyans Company,1
Kerebuka,2
Kfw,2
Ki,124
Kibaha Independent School,2
Kibaha Town Council,68
Kibara Foundation,1
Kibo,2
Kibo Brewaries,2
Kidep,29
Kidika,1
Kidp,36
Kigoma Municipal,5
Kigoma Municipal Council,1
Kigwa,1
Kijij,1
Kijiji,4
Kikom,1
Kikundi Cha Akina Mama,1
Kilimarondo Parish,1
Kilimo,1
Kilindi District Co,53
Kiliwater,189
Killflora,21
Kilol,1
Kilomber,8
Kilwater,25
Kimkuma,6
Kinapa,12
Kindoroko Water Project,1
Kinga,1
Kingupira S,9
Kipo Potry,1
Kirde,54
Kirdep,5
Kitiangare Village Community,1
Kiuma,32
Kiwanda Cha Ngozi,1
Kiwanda Cha Samaki,2
Kiwanda Cha Tangawizi,3
Kizego Jumaa,1
Kizenga,1
Kkkt,1287
Kkkt Canal,1
Kkkt Church,70
Kkkt Dme,2
Kkkt Leguruki,1
Kkkt Mareu,1
Kkkt Ndrumangeni,1
Kkkt Usa,1
Kkkt-dioces Ya Pare,10
Kkkt_makwale,166
Kmcl,10
Kmt,3
Koica,9
Koica And Tanzania Government,3
Koico,1
Kokornel,1
Kolopin,1
Kombe Foundation,2
Kome Parish,1
Kondela,1
Kondo Primary,1
Konoike,4
Kopwe Khalifa,1
Korea,3
Krp,5
Ku,1
Kuamu,19
Kuji Foundation,1
Kurrp,1
Kurrp Ki,1
Kuwait,72
Kuwasa,38
Kwa Ditriki Cho,1
Kwa Makala,1
Kwa Mzee Waziri,1
Kwamdulu Estate,1
Kwang-nam Middle-school,1
Kwaruhombo He,1
Kwasenenge Group,1
Kwik,2
Kwikwiz,12
Kyariga,2
Kyela Council,7
Kyela-morogoro,1
L,3
Laizer,1
Lake Tanganyika,3
Lake Tanganyika Basin,1
Lake Tanganyika Prodap,1
Lamp,110
Laramatak,2
Latfu,1
Lawate Fuka Water Suppl,7
Lawatefuka Water Supply,180
Lc,1
Lcdg,3
Lcgd,4
Ldcdd,1
Ldcgd,1
Lee Kang Pyung's Family,1
Legeza Legeza,1
Lench,4
Lench Taramai,2
Leopad Abeid,1
Lg,1
Lga,442
Lga And Adb,2
Lgcbg,3
Lgcd,1
Lgcdg,13
Lgcgd,1
Lgdbg,1
Lgdcg,3
Lidep,3
Lifetime,12
Lion Clu,1
Lions,4
Lions C,1
Lions Club,5
Lions Club Kilimanjaro,1
Lips,27
Lisa,2
Liuwassa,3
Livin,16
Living Water International,14
Liz,1
Lizad,1
Local,7
Loliondo Parish,4
Loliondo Secondary,4
Long Ga,1
Longido Sec School,4
Loocip,1
Losaa-kia Water Supply,62
Losakia Water Supply,5
Lotary Club,2
Lotary International,1
Lottery,1
Lottery Club,8
Louise Elucas Sala,1
Lowasa,12
Luali Kaima,1
Luchelegu Primary School,1
Luka,1
Luke Samaras Ltd,1
Lungwe,1
Lusajo,1
Luthe,22
Lutheran,4
Lutheran Church,12
Lvemp,3
Lvia,147
Lwf,2
Lwi,72
Lwi & Central Government,3
Lwiji Italy,16
M,1
M And P,1
Ma,1
Maajabu Pima,1
Maashumu Mohamed,1
Mac,6
Machibya Guma,1
Madaraweshi,1
Madra,1
Maerere,1
Mafwimbo,1
Magadini Makiwaru Water,4
Magadini-makiwaru Water,175
Magani,1
Magereza,2
Magige,1
Magoma Adp,19
Magu Food Security,1
Magul,1
Magutu Maro,1
Mahemba,1
Mahita,1
Majengo Prima,1
Maji Mugumu,19
Maju Mugumu,1
Makanga,1
Makanya Sisal Estate,1
Makapuchini,1
Makli,1
Makombo,1
Makona,1
Makondakonde Water Population,1
Makonde,6
Makonde Water Population,19
Makonde Water Supply,3
Makonder,1
Makori,1
Makoye Masanzu,2
Makundya,1
Makuru,2
Makusa,1
Malec,3
Males,1
Maliasili,1
Malola,1
Mama Ku,1
Mama Mery Nagu,2
Mamad,14
Mamaz,1
Mambe,1
Mamlaka Ya Maji Ngara,8
Mamvua Kakungu,1
Mango Tree,1
Manyota Primary School,1
Manyovu Agriculture Institute,1
Marafin,1
Marafip,68
Marke,1
Maro,2
Maro Kyariga,1
Marumbo Community,1
Masai Land,1
Maseka Community,1
Masese,1
Mashaka,2
Masista,1
Maswi Drilling Co. Ltd,1
Mataro,2
Matata Selemani,1
Matimbwa Sec,1
Matogoro,1
Matyenye,1
Mavuno Ngo,4
Maxavella,13
Mayiro,1
Mazaro Kabula,1
Mbeje,1
Mbiusa,1
Mbiuwasa,35
Mboma,6
Mboni Salehe,1
Mbozi District Council,7
Mbozi Hospital,1
Mbozi Secondary School,1
Mbunge,18
Mbuzi Mawe,1
Mbwana Omari,1
Mbwiro,1
Mchukwi Hos,3
Md,61
Mdc,17
Mdgwc,5
Mdrdp,86
Meco,1
Medicine,1
Meko Balo,1
Mem,9
Member O,1
Member Of Parliament,8
Member Of Perliament Ahmed Ali,1
Menon,7
Meru Concrete,1
Methodist Church,1
Mfuko Wa Jimbo,1
Mfuko Wa Jimbo La Magu,1
Mganga,1
Mgaya,1
Mgaya Masese,1
Mgm,5
Mh An,12
Mh Kapuya,3
Mh.Chiza,1
Mh.J S Sumari,1
Mheza Distric Counc,6
Mhina,1
Mhoranzi,1
Mhuzu,1
Mi,16
Miab,1
Mianz,3
Mikumi G,1
Milenia,8
Mileniam Project,26
Millenium,10
Minis,4
Ministry Of Agricultura,1
Ministry Of Education,6
Ministry Of Healthy,2
Ministry Of Water,590
Minjingu,3
Miomb,3
Misana George,1
Misheni,1
Misri Government,1
Missi,87
Missio,2
Mission,301
Missionaries,24
Missionary,3
Mitema,1
Miziriol,46
Mkinga  Distric Cou,62
Mkinga Distric Coun,150
Mkulima,1
Mkuluku,1
Mkurugenzi,1
Mkuyu,17
Mmanya Abdallah,1
Mmem,3
Mmg Gold Mine,2
Mnyama,1
Mnyambe,1
Mnyamisi Jumaa,1
Morad,1
Moradi,2
Moravian,4
Moroil,8
Morovian,3
Morovian Church,8
Morrovian,1
Moses,1
Moshono Adp,1
Moslem Foundation,6
Mosque,13
Mosqure,1
Motiba Manyanya,1
Motiba Wambura,1
Mow,1
Moyowosi Basin,1
Mp,2
Mp Mloka,1
Mp Mzeru,5
Mrtc,1
Ms,42
Ms-danish,1
Msabi,17
Msf,20
Msf/tacare,13
Msigw,1
Msigwa,1
Msiki,1
Msikiti,16
Msikiti Masji,1
Msikitini,1
Mstiiti,1
Msudi,1
Mtambo,1
Mtc,2
Mtewe,1
Mtibwa S,3
Mtuwasa,8
Mtuwasa And Community,3
Muhameid Na,2
Muhindi,1
Muhochi Kissaka,1
Muislam,1
Muivaru,1
Mungaya,1
Municipal Council,1
Muniko,1
Musilim Agency,4
Muslim Society,1
Muslim World,1
Muslimehefen International,1
Muslims,10
Muslimu Society(shia),1
Muwasa,1
Muwsa,107
Mwakabalula,1
Mwakalinga,1
Mwakifuna,1
Mwalimu  Maneromango Muhenzi,1
Mwalimu Muhenza,1
Mwalimu Omari,1
Mwamama,1
Mwamvita Rajabu,1
Mwanaisha Mwidadi,1
Mwanamisi Ally,1
Mwanga Town Water Authority,4
Mwanza,1
Mwaya Mn,22
Mwelia Estate,3
Mwigicho,2
Mwingereza,1
Mwinjuma Mzee,1
Mwita,1
Mwita Kichere,1
Mwita Lucas,1
Mwita Machota,1
Mwita Mahiti,1
Mwita Muremi,2
Mwl. Nyerere Sec. School,2
Mwl.Mwita,1
Mws,7
Mzee Don,3
Mzee Lesilali,1
Mzee Mabena,1
Mzee Mkungata,1
Mzee Ngwatu,1
Mzee Omari,2
Mzee Salum Bakari Darus,1
Mzee Sh,1
Mzee Shindika,1
Mzee Smith,1
Mzee Waziri Tajari,1
Mzee Yassin Naya,1
Mzinga A,9
Mzung,2
Mzungu,1
Mzungu Paul,6
Nado,10
Namungo Miners,1
Nasan,1
Nassan,1
Nassor Fehed,3
Natherland,1
Natio,1
National Park,1
National Rural,62
National Rural (wb),1
National Rural And Hfa,12
Nazalet Church,1
Nazaleti,1
Nazareth Church,2
Ncaa,63
Nchagwa,2
Ncs,1
Nddp,2
Ndm,1
Ndolezi,1
Ndorobo Tours,1
Ndrdp,78
Nduku Village,3
Neemia Mission,2
Nerthlands,1
Nethalan,152
Nethe,26
Netherla,1
Netherland,4
Netherlands,470
Ngelepo Group,1
Nginila,1
Ngiresi Village Community,3
Ngo,1
Ngos,6
Ngumi,1
Niger,2
Nimrodi Mkono[mb],1
Nipon & Panoco,1
Nirad,2
Njula,1
Nk,8
Nmdc India,1
No,134
Noeli Mahobokela,1
None,2
Norad,765
Norad /government,20
Norad/ Kidep,20
Norad/ Tassaf,2
Norad/ Tassaf Ii,2
Norad/government,1
Norad/japan,1
Norad/rudep,1
Norani,1
Nordic,1
Norplan,1
Norway Aid,1
Noshad,1
Noshadi,1
Not Known,27
Nrwssp,4
Nsc,5
Nssf,1
Nwssp,2
Nyabarongo Kegoro,1
Nyabibuye Islamic Center,1
Nyabweta,1
Nyahale,1
Nyakaho Mwita,1
Nyamasagi,1
Nyamingu Subvillage,1
Nyamongo Gold Mining,4
Nyamuhanga Maro,1
Nyangere,1
Nyanza Road,1
Nyeisa,1
Nyitamboka,1
O,1
Oak'zion' And Bugango B' Commu,1
Obadia,1
Obc,6
Oda,2
Oikos,3
Oikos E .Africa/european Union,4
Oikos E.Africa/ European Union,1
Oikos E.Africa/european Union,33
Oikos E.Afrika,155
Okutu Village Community,1
Ola,5
Old Nyika Company,1
Oldadai Village Community,3
Oldonyolengai,4
Olgilai Village Community,14
Olumuro,8
Omar Ally,1
Omar Rafael,1
Omary Issa,2
One Desk One Chair,1
One Un,18
Opec,1
Orphanage,1
Otelo Bussiness Company,1
Others,2
Othod,1
Overland High School,1
Overnment,1
Owner Pingo C,1
Ox,2
Oxfam,359
Oxfam Gb,12
Oxfarm,176
Oxfarm Gb,1
P,19
Pad,4
Padep,69
Padep(mifugo),1
Padi,1
Padri,1
Padri K,1
Padri Matayo,1
Paffect Mwanaindi,1
Pag Church,1
Pancrasi,1
Pangadeco,1
Pankrasi,1
Panone,1
Parastatal,7
Parastatal An,1
Partage,27
Paskali,1
Pataji,6
Patrick,1
Patuu,3
Paulo Sange,1
Pci,9
Pdi,1
Peace Cope,19
Pema,1
Pentecost,1
Pentecosta Church,3
Pentecosta Seela,1
Pentecostal,1
Pentecostal Church,2
Pentecostal Hagana Sweeden,1
Pentekoste,1
People From Egypt,1
People From Japan,2
People Of Japan,9
People Of Sweden,1
Perusi Bhoke,1
Peter,2
Peter Mayiro,1
Peter Ngereka,1
Peter Tesha,30
Peters,32
Petro Patrice,1
Pidp,18
Piscop,1
Piscope,1
Pius Msekwa,1
Piusi,1
Plan,1
Plan Int,195
Plan Internatio,26
Plan International,57
Plan Tanzania,1
Pmo,16
Po,30
Poland Sec School,1
Pori La Akiba Kigosi,1
Pr,3
Presadom,3
Prf,12
Primo Zunda,1
Prince Medium School,1
Priva,5
Private,295
Private Co,1
Private Individual,826
Private Individul,1
Private Institutions,1
Private Owned,14
Private Person,1
Prodap,1
Prof. Saluati,1
Professor Ben Ohio University,8
Pwagu,1
Pwc,1
Q-sem Ltd,2
Quick,6
Quick Win,1
Quick Win Project,3
Quick Win Project /council,3
Quick Win/halmashauri,1
Quick Wings,16
Quick Wins,15
Quick Wins Scheme,1
Quicklw,1
Quickwi,4
Quickwins,1
Quik,3
Quwkwin,26
Qwckwin,1
Qwekwin,1
Qwick Win,1
Qwickwin,12
Qwiqwi,13
R,1
Rada,13
Rafael Michael,1
Rafik,2
Railway,2
Rajab Seleman,1
Rajabu Athumani,1
Ramadhani M. Mvugalo,1
Ramadhani Nyambizi,1
Ramsar,1
Raramataki,1
Rarymond Ekura,1
Ras,1
Rashid,1
Rashid Mahongwe,1
Rashid Seng'ombe,1
Raurensia,1
Rc,230
Rc Cathoric,4
Rc Ch,80
Rc Churc,25
Rc Church,321
Rc Church/centr,14
Rc Mi,1
Rc Missi,1
Rc Mission,4
Rc Missionary,1
Rc Mofu,1
Rc Msufi,1
Rc Njoro,1
Rc/dwe,1
Rc/mission,5
Rcchurch/cefa,22
Rdc,16
Rdws,1
Re,6
Red Cross,45
Redap,2
Redcross,2
Redekop Digloria,1
Redep,44
Redeso,2
Redet,1
Regina Group,1
Regional Water Engineer Arusha,9
Regwa Company Of Egpty,2
Regwa Company Of Egypt,5
Resolute,2
Resolute Golden Pride Project,1
Resolute Mining,15
Resolute Mininggolden Pride,1
Revocatus Mahatane,1
Rhobi,1
Rhobi Wambura,1
Richard M.Kyore,1
Ridep,47
Rilayo Water Project,1
Ringo,1
Ripati,1
Rips,12
Rished,24
Ro,3
Robert Kampala,1
Robert Loyal,6
Robert Mosi,1
Rocci Ross,2
Rodri,1
Romam Catholic,1
Roman,275
Roman Ca,4
Roman Catholic,121
Roman Catholic Rulenge Diocese,14
Roman Cathoric,2
Roman Cathoric -kilomeni,8
Roman Cathoric Church,1
Roman Cathoric Same,15
Roman Cathoric-same,24
Roman Church,14
Rombo Dalta,2
Rotary,1
Rotary Club,19
Rotary Club Australia,1
Rotary Club Kitchener,1
Rotary Club Of Chico And Moshi,1
Rotary Club Of Usa And Moshi,1
Rotary I,3
Rotaty Club,1
Rotery C,1
Rotte,3
Rssp,3
Ru,105
Ruangwa Lga,1
Rudep,312
Rudep /dwe,1
Rudep/norad,1
Rudri,1
Rumaki,1
Runda,1
Rundu Man,8
Runduman,5
Ruped,2
Rural,1
Rural Drinking Water Supply,4
Rural Water Department,2
Rural Water Supply,3
Rural Water Supply And Sanita,13
Rural Water Supply And Sanitat,270
Rusumo Game Reserve,1
Ruthe,16
Ruvu Darajani,1
Rv,1
Rvemp,3
Rwi,1
Rwsp,16
Rwsso,1
Rwssp,1374
Rwssp Shinyanga,2
Rwssp/wsdp,6
Rwsssp,7
S,2
S. Kumar,1
S.P.C Pre-primary School,1
S.S Mohamed,1
Sabemo,59
Sabodo,23
Sadaqatun Jar,1
Safari Camp,1
Safari Roya,5
Sagaswe,1
Said Hashim,1
Said Omari,1
Said Salum Ally,1
Saidi Halfani,1
Sakwidi,1
Salamu Kita,1
Saleh Zaharani,4
Salehe,1
Salim Ahmed Salim,1
Salum Tambalizeni,1
Samlo,1
Samsoni,1
Samwel,1
Samweli,1
Samweli Kitana,1
Samweli Mshosha,1
San Pellegrino,1
Sangea District Council,7
Sanje Wa,6
Sao H,14
Saudia,1
Sauwasa,7
Save The Rain Usa,28
Sawaka,2
Scharnhorstgymnasium,1
Scholastica Pankrasi,1
Schoo,3
School,7
School Adm9nstrarion,2
Scott,2
Sda,16
Sda Church,1
Sdg,17
Sdp,1
Secondary,12
Secondary Schoo,6
Segera Estate,1
Seif Ndago,1
Sekei Village Community,20
Sekondari,1
Seleman Masoud,1
Seleman Rashid,1
Seleman Seif,1
Selestine Mganga,1
Selikali Ya Kijiji,1
Selous G,3
Sema,50
Sema S,1
Semaki,1
Semaki K,6
Senapa,2
Sengerema District Council,8
Sent Tho,1
Seram,1
Serena,3
Serian,1
Serikali,41
Serikali Ya Kijiji,9
Serikari,3
Serikaru,1
Seronera,1
Shabani Dunia,1
Shamte Said,1
Shanta,3
Sharifa Athuman,1
Shawasa,45
Shear Muslim,2
Shekhe,1
Shelisheli Commission,1
Shinyanga Shallow Wells,1
Shipo,241
Shirika La Kinamama Na Watot,1
Shule,15
Shule Ya Msingi,1
Shule Ya Msingi Ufala,1
Shule Ya Sekondari Ipuli,1
Si,34
Sida,28
Sido,1
Sijm,10
Silinda Yetu,1
Silvester Shilingi,1
Simango Kihengu,1
Simav,1
Simavi,3
Simba Lodge,1
Simmors,4
Simon Lusambi,1
Simone,1
Sindida Yetu,1
Singasinga,2
Singida Yetu,21
Singsinga,1
Sipdo,1
Sisa,1
Sisal Estste Hale,1
Siss M. Minghetti,1
Sister Francis,2
Sister Makulata,1
Siter Fransis,1
Siza Mayengo,1
Snv,122
Snv Ltd,10
Snv-swash,2
Sobodo,1
Socie,2
Soda,40
Soko La Magomeni,1
Solar Villa,2
Solidame,48
Solidarm,53
Soliderm,3
Songa Hospi,1
Songas,27
Songea District Council,38
Songea Municipal Counci,35
Sophia Wazir,1
Sowasa,19
Sswp,3
St,54
St Elizabeth Majengo,1
St Gasper,1
St Magreth Church,1
St Ph,5
Stabex,1
Staford Higima,1
Stansilaus,1
Stantons,3
Stephano,1
Stephano Paulo,1
Steven Nyangarika,1
Stp-sustainable Tan,1
Su-ki Jang,1
Sua,2
Suasa,1
Subvillage,1
Sumbawanga Munici,17
Summit For Water,7
Sumo,1
Sumriy,1
Sun-ja Na,1
Sunamco,1
Suwasa,10
Svn,2
Sw,3
Swalehe Rajab,1
Swash,2
Sweden,4
Swedish,131
Sweeden,1
Swidish,2
Swifti,1
Swisland/ Mount Meru Flowers,21
Swisland/mount Meru Flowers,2
Swiss If,30
Swiss Tr,1
T,4
Ta,51
Taasaf,1
Tabea,1
Taboma,1
Tabora Municipal Council,49
Tabraki,5
Tacare,25
Tacri,1
Tadeo,1
Tadepa,2
Tado,16
Taees,1
Taes,1
Tag,10
Tag Church,4
Tag Church Ub,1
Tag Patmo's,2
Tahea,16
Taipo,1
Tajiri Jumbe Lila,1
Tanap,5
Tanapa,51
Tancan,1
Tancro,1
Tanedaps Society,1
Tanesco,4
Tanga Cement,1
Tanload,1
Tanroad,3
Tansi,1
Tanz Egypt Technical Cooper,3
Tanz/egypt Technical  Co-op,1
Tanza,88
Tanzakesho,24
Tanzaling,1
Tanzania,18
Tanzania /egypt,1
Tanzania Compasion,1
Tanzania Egypt Technical Co Op,1
Tanzania Journey,1
Tarangire Park,1
Tardo,123
Tareto,1
Tasa,1
Tasad,1
Tasae,1
Tasaf,877
Tasaf 1,1
Tasaf And Lga,2
Tasaf And Mmem,1
Tasaf Ii,1
Tasaf/dmdd,17
Tasaf/tlc,1
Tasafu,10
Tasef,2
Tasf,1
Tassaf,116
Tassaf I,13
Tassaf Ii,9
Tassaf/ Danida,6
Tbl,1
Tcrs,602
Tcrs /care,3
Tcrs /government,4
Tcrs Kibondo,1
Tcrs.Tlc,5
Tcrs/care,2
Tcrs/village Community,1
Tcrst,1
Tdft,41
Tdrs,1
Team Rafiki,1
Tempo,2
Ten Degree Hotel,2
Teonas Wambura,1
Teresa Munyama,1
Tgrs,1
Tgt,1
Tgts,4
Tgz,1
The Desk And Chair Foundat,31
The Isla,13
The Islamic,2
The People Of Japan,18
Theo,1
Theonas Mnyama,1
Thomasi Busigaye,1
Timothy Shindika,1
Tina/africare,1
Tingatinga Sec School,1
Tirdo,3
Tkc,1
Tlc,54
Tlc/community,1
Tlc/emmanuel Kasoga,1
Tlc/jenus Malecha,1
Tlc/john Majala,2
Tlc/nyengesa Masanja,1
Tlc/samora,1
Tlc/seleman Mang'ombe,1
Tlc/sorri,1
Tlc/thimotheo Masunga,1
Tltc,8
Tom,2
Toronto-estate,1
Total Land Care,25
Total Landcare,6
Totaland Care,1
Totoland,2
Totoland Care,4
Tove,1
Town Council,1
Tpp,3
Tquick Wings,1
Trach,1
Trachoma,5
Trc,1
Tredep,40
Tredsp,1
Tree Ways German,1
Treedap,1
Tridep,12
Tulawaka Gold Mine,5
Tumaini Fund,5
Tuwasa,32
Twe,97
Twende Pamoja,1
Twesa,56
Twice,1
Twig,1
Tz As,1
Tz Japan,43
U.S.A,6
Uaacc,1
Ubalozi Wa Japani,1
Ubalozi Wa Marekani,18
Udc/sema,3
Uhai Wa Mama Na Mtoto,5
Uhoranzi,3
Ukida,3
Ukiligu,17
Umoja,1
Un,40
Un Habitat,1
Un/wfp,2
Undp,86
Undp/aict,13
Undp/ilo,28
Unesco,3
Unhcr,137
Unhcr/danida,1
Unhcr/government,1
Unice,119
Unice/ Cspd,1
Unicef,1057
Unicef/ Csp,7
Unicef/african Muslim Agency,1
Unicef/central,11
Unicef/cspd,2
Uniceg,1
Unicet,1
Unicrf,1
Uniseg,1
Unknown,4
Unp/aict,1
Upendo Primary School,1
Upper Ruvu,1
Ur,1
Urt,36
Us Embassy,15
Usa Embassy,3
Usaid,3
Usaid/wfp,5
Usambala Sister,1
Ustawi,3
Uvimaki,2
Uyoge,3
Vc,1
Veo,1
Vgovernment,1
Vi,3
Vicfish,2
Vicfish Ltd,2
Vickfis,3
Vifaf,2
Vifafi,21
Vififi,2
Villa,6
Villaers,2
Village,25
Village Communi,1
Village Community,22
Village Contributio,1
Village Council,105
Village Council/ Haydom Luther,13
Village Council/ Rose Kawala,1
Village Fund,2
Village Government,27
Village Govt,7
Village Office,2
Village Res,1
Village Water Commission,1
Villagers,106
Villagers Mpi,1
Villages,1
Villege Council,1
Villegers,1
Villlage Contributi,1
Vn,1
Vodacom,3
Vttp,6
Vw,1
Vwc,78
Vwcvc,1
Vwcvwc,1
Vwt,1
W,36
W.B,170
W.C.S,5
W.D &,6
W.D & I.,9
W.D.&.I.,3
W.F.D.P,1
Wafidhi Wa Ziwa T,1
Waheke,1
Wahidi,1
Waitaliano,1
Wajerumani,2
Walokole,5
Wama,3
Wamakapuchini,1
Wamarekani,1
Wame Mbiki,1
Wamisionari Wa Kikatoriki,1
Wamissionari Wa Kikatoriki,1
Wanakijiji,1
Wanan,5
Wananchi,122
Wanginyi Water,1
Wards,1
Warento,1
Wate Aid/sema,6
Water,583
Water /sema,1
Water Aid /sema,68
Water Aid/dwe,1
Water Aid/sema,28
Water Authority,1
Water Board,19
Water Department,1
Water Project Mbawala Chini,13
Water Se,1
Water Sector Development,3
Water User As,34
Water User Group,9
Wateraid,333
Watu Wa Marekani,1
Watu Wa Ujerumani,35
Wb / District Council,2
Wbk,1
Wcst,1
Wd And Id,23
Wdp,1
Wdsp,1
Weepers,1
Wfp,52
Wfp/tnt,11
Wfp/tnt/usaid,14
Wfp/usaid,3
Wfp/usaid/tnt,6
William Acleus,1
Williamson Diamond Ltd,9
Wilson,1
Winkyens,1
Wirara Ya Maji,1
Wizara,4
Women Fo Partnership,1
Women For Partnership,9
World Bank,1349
World Bank/government,1
World Vision,1246
World Vision/ Kkkt,6
World Vision/adra,29
World Vision/rc Church,1
Worldvision,1
Woyege,1
Wrssp,5
Wsdo,1
Wsdp,234
Wsdp & Sdg,2
Wspd,2
Wssp,3
Wua,121
Wua And Ded,2
Wug And Ded,1
Wvc,4
Wvt,158
Wwf,26
Wwf / Fores,1
Yaole,1
Yasi Naini,1
Yasini,1
Yasini Selemani,1
Zaben,2
Zaburi And Neig,1
Zao,1
Zao Water Spring,3
Zao Water Spring X,1
Zinduka,1
Zingibali Secondary,1
