14 Kambarage,7
A,42
ADP,9
ADP Simbo,25
ADP Simbu,1
ADRA,8
AIC,1
AIC kahunda,1
AMREF,3
AMRSF,1
AUWASA Pipe scheme,4
AUWASA pipe scheme,6
Adra,1
African Barrick Gold,1
Akheri gravity water supply,13
Alpha crust,2
Amani Water Supply,11
Amani spring,25
Anglic,24
Araa,2
Arashi water scheme,1
Arisi/himo,3
Arusha chini water supply,4
Atta,5
B,37
BADIMKA,3
BASSONYAGWE AND NG'WANDKW,17
BFFS,8
BFFS water supplying,1
BL Bingati A,3
BL Bingati B,1
BL Bondeni,2
BL Bonifas Kingu,1
BL Cosmas Woiso,1
BL Dahani Sec,4
BL Dispensary,1
BL Eligudi,1
BL Embokoi,1
BL Embukoi,2
BL Erasto Laizer,1
BL Esilalei,1
BL K puchini Sisters,1
BL Kalimaji,4
BL Kandash,2
BL Kandashi,1
BL Kashashi,24
BL Kashofu,1
BL Kiboshoni,3
BL Kijiweni,1
BL Kikafu,5
BL Kilari sister,3
BL Kilari sisters,3
BL Kilimasimba,1
BL Kilingi,5
BL Kimaroroni,3
BL Kirishi,1
BL Kiruwa,2
BL Kisau,1
BL Kitahemo,7
BL Kitahemu,5
BL Kiungu Chelwa,1
BL Kiyengia,11
BL Kosata,2
BL Kyaboo,5
BL Kyengia,8
BL Kyongwa,1
BL Lake Sirwa,2
BL Lake sirwa,2
BL Laktore,1
BL Lamaungu,1
BL Lang'ata,3
BL Lekirimuni,3
BL Lekirumuni,8
BL Lekrimuni,2
BL Lengong'u,9
BL Losei,1
BL Mahakamani,1
BL Majengo,1
BL Makiwaru,25
BL Makiwaru B,2
BL Manio,2
BL Manyinguni,1
BL Matadi,2
BL Matadi A,2
BL Matadi B,3
BL Mese Tank,2
BL Mitimirefu,3
BL Mji Mwema,2
BL Mkombozi,7
BL Molomo,5
BL Moniko,4
BL Moniko Shule,1
BL Moniko shule,1
BL Motomati,1
BL Msumbiji,5
BL Munge,3
BL Mwakikoti,2
BL Mwangaza,3
BL Mwinuko A,3
BL Mwinuko B,9
BL Namwai,1
BL Ndarakwai,1
BL Ndarara,1
BL Ndinyika,2
BL Neema,1
BL Ngarenairobi,4
BL Nkenku kijijini,1
BL Nkini,1
BL Nkwamanyire,2
BL Nshere,1
BL Nshere Juu,1
BL Nsherehehe,1
BL Nyati,2
BL Olkolili,7
BL Orkugu,1
BL Ormelili,1
BL RC,1
BL Rehema Rajabu,2
BL Rosyline,2
BL Sabuko,7
BL Sanya Hoi,3
BL Sanya juu service line,1
BL Serengeti,2
BL Shengai,2
BL Sia Eki,1
BL Siaseki,1
BL Siha,3
BL Siha Sec,1
BL Silasi,4
BL Somali,1
BL Tindigani,6
BL Tingatinga,4
BL Tobiko,2
BL Zahanati,4
BL deotrfe,1
BL kikwe water supply,3
BL lawate branch line,1
BL mese Tank,1
BL oleve water supply,1
BL sangarini,1
BLACK,2
BLUDER,4
BRA,1
BRUDER,53
BSF,2
BULENDA BUFWE GRAVITY SCHEME,7
BUUDER,5
BUWADA,1
BUWASA,14
Baba,9
Baga 2 streem,15
Bagamoyo Wate,67
Bagamoyo wate,229
Bahi,4
Balangai forest,9
Ballaa  pipe line,4
Ballaa pipe line,24
Bamb,6
Bang,4
Bangata water project,33
Bank,4
Bany,1
Be,12
Bendera Kiurio water supply,3
Bere,11
Bethania water suppl,1
Bili,1
Bl Aziz water supply,1
Boma,2
Bomala,48
Bomani water supply,2
Bombomajimoto water,6
Bonde la mto Mara,1
Bore hole,5
Borehole,546
Borehole drilling project,1
Borehole pump pumped scheme,1
Borehole pumped scheme,2
Boza water supply,29
Bubu,2
Bubujiko spring source,12
Bug,11
Buge,2
Buhongwa Water Supply,2
Bujara water supp,3
Bujuruga Spring b,1
Bukirilo gravity water supply,14
Bukonyo Water Supply,1
Buku,12
Bulale Water Supply,6
Bulamba piped scheme,3
Bulenya water supply,1
Bulong,12
Bumb,3
Bumi,5
Burieni water supply,1
Busambilo Solar Power,1
Busi,10
Busisi Water Project,4
Busulwa,3
Busunzu /Nyankwi gravity water,14
Busunzu /Nyankwi gravity water supply,2
Busunzu/ Nyankwi gravity water,2
Busunzu/ Nyankwi gravity water supply,4
Busunzu/Nyankwi gravity water,1
Butini,2
Buzinza piped scheme,4
Bwak,5
Bwambo Water Supply,8
Bwaw,2
Bwawa,1
Bwisya Water Supply,2
Bwiti gravity water,10
C,2
CDG,8
CDTF,17
CH,1
CONCERN Water Supply,4
CSPD,4
CSPD PROJECT,1
CTU pipe scheme,2
Calvary water supply,2
Care international,9
Center,1
Centra,5
Central basin,28
Ch,15
Chah,10
Chajo Water Supply,1
Chal,14
Chalinze Wate,1
Chalinze wate,405
Cham,36
Chambogo forest,16
Chan,1
Chanama,1
Chang'ombe water supply,12
Changalikwa water su,4
Changwale water supply,6
Chanjare  water supply,2
Chanjare water supply,42
Chankele/Bubango water project,27
Chanyangabwa wate,12
Charles Mushi  Branch line,1
Chas,2
Chawi water supply,5
Chawim,1
Chazi ri,3
Chela pipe scheme,13
Cheleweni Water Supply,3
Chem,13
Chemchem ya Wamweru,1
Chen,5
Chepete water supply,1
Chib,11
Chibula,2
Chid,5
Chienjele,3
Chif,3
Chig,14
Chik,6
Chikola water supply,8
Chikombo water supply,1
Chikuyu water supply,6
Chil,15
Chimbendenga,6
Chin,4
Chiola,10
Chip,11
Chipuputa,2
Chis,11
Chit,2
Chiw,7
Chiwindi,2
Chiz,5
Chog,6
Chol,7
Chongera water su,5
Chovora,27
Chub,1
Chun,4
Churazo gravity water supply,6
Churu water supply,74
Chusuro water sup,1
Coffee curing-Kahe pipeline,18
Coffee-curing pipeline,17
Community,1
D,78
DANIDA,379
DED,16
DMK,1
DMK:Anglican church,1
Dacp Nyambogo,1
Dam,2
Dam piped scheme,1
Damowaso,1
Dara,1
Darida,1
Dasp,1
Deep well,1
Diburuma,18
Digodigo water scheme,6
Digoma r,1
Dihimba water supply,8
Dimamba,32
Dina,2
Dindimo Water Supply,5
Dindimu Water Supply,1
Dingidingi water supply,3
Diocese of Geita,1
Distri,24
Divue ri,6
Doe water supply,3
Dong,2
Donge,12
Dons,1
Doroto water supply,11
Du,26
Dudu,5
E,7
EKTM 2 water  supply,1
EKTM 2 water suply,25
EKTM 2 water supply,9
EKTM 3 water supply,51
ENDAGULDA SPRING,1
ENDAMASAK,6
ENDANANG'WENI SPRING,4
ENDAYAYA WATER SUPPLY,17
Ekenywa pipe scheme,17
Elang'atadapash water proj,14
Elerai water project,5
Emanyata pipelines,1
Embaruway water scheme,6
Embarway water scheme,1
Endagire gravity piped scheme,10
Endawasu,54
Endenoga water scheme,5
Engaranaibor water project,6
FW,20
Fark,4
Fikare water supply,6
Fili,2
FinWater,14
FinWater Borehole Scheme,1
Fingan,1
Fini water,6
Finwater Supply,2
Flood water sustainability project,1
Foki,7
Forforo water supply,1
Fufu,1
Fufulamsuri water supply,1
Fukayosi Wate,6
G,71
GEN Borehole Scheme,54
GRUMETI,8
Ga,36
Gale water supply,31
Gallapo water supply,28
Gallu Water Supply,6
Gamowaso,24
Gawa,11
Gayu,1
Gedamar water supply,11
Gelailumbwa water project,6
Gezaul,5
Goha Kambeni Water Supply,4
Gonjaugu water supply,7
Good management,4
Government,320
Government Borehole Scheme,1
Gumb,6
Gwan,4
Gwang'a Chome water supply,2
Gwang'a chome water supply,8
Gwanumpu Secondary  Pimping water supply,1
Gwanumpu Secondary Pimping water supply,2
Gwarama point  sources water supply,1
Gwarama point source water supply,2
Gwata water supply,5
Gyewasu,47
HESAWA,62
HSW,5
HTM water supply,2
Hakwe water supply,10
Hale water Supply,2
Hale water supply,4
Hale water suppy,1
Halmashauri,1
Hami,4
Hand,3
Handeni Trunk Mai (H,1
Handeni Trunk Main (,4
Handeni Trunk Main(H,152
Handeni Trunk Maini(,1
Handeni water suply,5
Handeni water supply,7
Hane,14
Hasu,1
Haub,2
Hawe,1
Hedaru kati water supply,39
Heivu water supply,12
Heka water supply,1
Hemb,8
Hemerera water supply,5
Hempanga water supply,21
Hesawa,13
Heshivu water supply,1
Hgodin,1
Hingilili,26
Hinju water supply,5
Hivuga Water Supply,1
Hogo,11
Holili water supply,23
Homb,11
Huma,1
Hume,5
Huru materuni water supply,15
Huru mawela water project,30
Huru/mawela water project,1
Husia Dam,16
Huzi,4
I,229
IFAD,5
IKTM 2,1
IKTM 2 water supply,1
IKTM 3 water supply,1
ILOL,2
IRAMBA NAMHULA WATER SCHEME,9
ISANJU WATER SCHEME,1
IWEKULE WATER SUPPLY,17
Ibih,2
Ibiki gravity water scheme,23
Iboja pipe scheme,3
Ibug,2
Ibukoni kimanga water supply,1
Ibumu,5
Iburieni water supply,6
Ibwa,6
Ichemba water supply,2
Ichonde,29
Idegen,18
Idegerimu,1
Idif,6
Idodi,45
Idugal,4
Idukilo water piped scheme,8
Idunda,23
Iduo,16
Ifunda,12
Igalula water supply,6
Igoj,3
Igoma,4
Igoma Water Supply,7
Igongolo gravity water sch,1
Igongolo gravity water sche,38
Igosi,28
Igumbi,10
Igunga,5
Ihale,2
Ihanda spring box,1
Ihanga,6
Ihela,10
Ihongo,6
Ihowanja,7
Ihum,26
Ijak,4
Ijindile,10
Ijndila,1
Ikela Wa,90
Ikelebelo,2
Ikelu pumping scheme,7
Iken,1
Ikete,10
Ikola water suply,1
Ikola water supply,8
Ikom,8
Ikonda,25
Ikondo electrical water sch,24
Ikovo,1
Ikuna gravity water Scheme,5
Ikuna gravity water project,1
Ikungi,1
Ikungu,2
Ikuy,5
Ilala water supply,4
Ilamalamsuka water supply,7
Ilambila water supply,3
Ilas,3
Ilawa,6
Ilente streem,31
Ilesi gravity water supply,18
Ilevel,6
Ilew,2
Ilindi,13
Ilol,2
Ilolangulu water  supply,2
Ilolangulu water supply,18
Ilolo,35
Ilongo water supply,6
Ilorionite water project,9
Ilunda pumping scheme,15
Image,12
Imalampaka water supply,1
Imaleseko water user association,4
Imalinyi supply scheme,1
Imara water supply,2
Imbaseny gravity water supply,1
Imbaseny pumping wate Supply,17
Imbaseny pumping wate supply,6
Imbaseny pumping wate water,2
Imbaseny pumping water supply,4
Imehe,7
Imesela,1
Individuals,1
Iniho,16
Intinka Water Suppy,2
Inyonga water supply,2
Ipal,10
Ipalam,5
Ipande water supply,4
Ipelel,13
Ipepo,18
Ipuli pipes water supply,10
Ipululu water supply,11
Iragua w,4
Irente juu stree,2
Irevea sister water projec,6
Irin,3
Irole,13
Irrigation Scheme,3
Isanga,6
Isapul,10
Iseke,4
Iseke water supply,5
Isikizya water supply,4
Isin,2
Islamic,1
Isongo w,13
Israel Massawe branch line,1
Isuhuni water supply,3
It,39
Itete wa,41
Itigi water supply,11
Itipingi gravity water Sch,1
Itipingi gravity water sche,15
Itis,5
Iton,1
Itoo water supply,1
Itun,8
Itunun,13
Ivalal,16
Ivego,2
Ivigo,19
Ivuga Water Supply,1
Iw,10
Iwil,1
Iwumbu,15
Iyai,8
Iyan,1
Iyani gravity water supply,9
Iyen,8
Iyoka,4
Iyom,5
Izav,11
Izazi,6
Izunya,1
J,59
JAICA,4
JAICA Borehole Scheme,49
JICA,2
JUWAMASU,7
Jadowaso,4
Jaduwaso,1
Jaira borehole,1
Jaira water supply,5
Janda,23
Japan,26
Jema water scheme,5
Jica,1
Jidowaso,11
Jihoro,8
Jihu piped water Scheme,3
Jilimri water supply,1
Jimmy,1
Jipe water supply,5
Jiungeni water supply,3
Jodiwaso,1
Jodowaso,1
JongoJ,1
Jongoj,11
Jongom,1
Jongoo,25
Jumuhiya ya watumia  maji,31
Jumuhiya ya watumia maji,45
Jumuiya ya watumia maji kilema kusini,15
Jumwia ya wa tumia maji Vumamti,1
K,682
KAIBANJA PUMPING SCHEME,1
KARUKEKERE WATER ENVIRONMENT SANITATION SCHEME,16
KASHWASA,8
KATORO PUMPING SCHEME,14
KIBUWA,17
KIIBUWA,1
KINAPA,11
KIUWASSA,16
KKKT,1
KKKT Water Project,1
KKT Mbatakero,2
KSLU07376,3
KWA,1
KWIK PROJECT,2
Ka,1
Kabagendera water,15
Kabaheshi  spring source,3
Kabaheshi pring source,1
Kabaheshi spring source,4
Kabakene spring source,7
Kabali,30
Kabanga,22
Kabare gravity water supply mission,1
Kabindi Water Supply,5
Kabingo/kiobela gravity  water supply,42
Kabondo,11
Kabuye,24
Kadashi Water Supply,8
Kaduma water supply,1
Kaembe Project,1
Kaembe project,1
Kafulo water supp,25
Kag,6
Kagambe,3
Kagango Water Supply,6
Kage,4
Kagenyi water sup,22
Kagongo water project,25
Kagunguli Water Supply,2
Kaguruka Water Supply,12
Kaisho/Isingiro w,74
Kakerele  water s,1
Kakerele water su,7
Kakola,1
Kakonko /Mbizi gravity water supply,9
Kakonko Mbizi gravity water supply,1
Kakonko gravity water supply,1
Kakonko/ Mbizi gravity water supply,5
Kakonko/Mbizi gravity water supply,1
Kakuta spring source,5
Kala,1
Kalalangabo water project,3
Kalambwe RC Mission,7
Kalambwe RC Mission &,1
Kalangalala,14
Kalemela Mwaloni,1
Kalemela Water Supply,17
Kalemela Ziwani,7
Kalemela ziwani,1
Kalenge,16
Kalenge Water Supply,12
Kalenge water project,6
Kalesha water supply,28
Kaliua water supply,6
Kamatech gravity water supply,2
Kamatendeli no 2  spring source,2
Kamatendeli no 2 spring source,5
Kamatendeli spring source,19
Kamb,5
Kambi number 2 water suppl,2
Kambi ya chokaa pipe scheme,9
Kambi ya simba Water supply,4
Kamdawi water supply,8
Kampogonyo water,3
Kamsunzu Water Supply,1
Kamwanga Erikaswa water pr,15
Kamwanga/Erikaswa water pr,1
Kamzunzu Water Supply,2
Kan,40
Kand,16
Kandawale Water supply,5
Kandika water supply,4
Kanenge,22
Kanga  Dam,1
Kanga Dam,8
Kanga water supplied scheme,61
Kani,1
Kanyara,2
Kanza,1
Kanza water supply,5
Kapiti water supply,2
Kapu chini water supply,1
Kapu chini wster supply,1
Karamu Uraki gravity water supply,7
Kariakoo,2
Karongo water sup,3
Kasahunga pipe scheme,1
Kasahunga piped scheme,24
Kasamwa,9
Kasanda solar pumping water supply,7
Kasangezi,64
Kasansa,9
Kaseke water project,20
Kaselya,8
Kaseni water supply,1
Kaserebuka Water Supply,10
Kashanda spring source,5
Kashangu water supply,1
Kashishi Water supply,6
Kashishi water supply,1
Kashutakasimba,19
Kasota,1
Kastamu water supply,8
Kasuguti irrigation scheme,1
Kasurua water supply,8
Kat,5
Katanda Water Sup,13
Katangara Mrere,1
Katazi,3
Katoro,12
Katuka group,10
Kavambughu water supply,5
Kaviwaso,20
Kaviwasu,30
Kayugi spring source,1
Kazaroho water supply,3
Kazilamihunda sub gravity point source water,1
Kazilamihunda sub gravity water supply,3
Kazilankanda Water Supply,47
Kazunguti,4
Kazuramimba water project,17
Keisangura piped Water  Suplly,1
Kelamfua water supply,4
Kele,9
Kenswa,21
Ketumbeine water project,1
Keza water supply,1
Khun,1
Ki,107
Kiamachini water supply,6
Kianama spring source,1
Kib,7
Kiba,15
Kibafuta,1
Kibafutwa Water Supp,1
Kibamba,2
Kibaon,1
Kibara foundation piped scheme,1
Kibena,1
Kibigiri water supply,2
Kibindu water,16
Kibo sterio water supply,1
Kiboelo forest,50
Kibogoizi water s,2
Kibohelo  forest,32
Kibohelo forest,1
Kibohelo streem,20
Kibohola gravity water supply,4
Kibola gravity water supply,18
Kibondo gravity point source water supply,30
Kibonge Water Supply,1
Kibugu,2
Kibuye gravity water supply,7
Kichananga gravity water supply,5
Kidaba,8
Kidabu,16
Kidahwe water project,24
Kide,3
Kidege forest,20
Kidia kIlemapunda,4
Kidia kilemapunda,86
Kido,8
Kidogozero wa,4
Kidope,10
Kidu,7
Kifaru Water Supply,1
Kifaru water Supply,27
Kifaru/kituri,1
Kifaru/kituri Water supply,2
Kifaru/kituri water supply,2
Kifufu road water supply,1
Kifumangao Water supply,1
Kifumbe pumping scheme,9
Kifungilo,8
Kifunikoni water supply,1
Kifura gravity water supply,16
Kigaga gravity water supply,15
Kigogo gravity water supply,16
Kigondo,1
Kigongoi gravity wat,36
Kigonigoni Water Supply,2
Kigonigoni Water supply,4
Kigonigoni water supply,1
Kiguza Water Supply,2
Kigw,16
Kigwa B water supply,2
Kigwa water supply,2
Kihanga Water  Su,8
Kihimika water supply,1
Kihinda water sup,9
Kiholo,16
Kihoro,34
Kiindogolo,4
Kijiji,161
Kijijini water supply,5
Kijyom,16
Kikelelwa water supply,17
Kiko,12
Kikole water supply,1
Kikololomu gravity water supply,9
Kikoremru,10
Kiku,6
Kikundi,11
Kilangangua water su,2
Kilanj,3
Kilembela water project,6
Kileo Water Supply,6
Kilesi water supply,6
Kilimahewa water supply,4
Kilimani water scheme,1
Kilimarondo,7
Kilimatinde water supply,20
Kilimb,1
Kilimi and Uchama dam,1
Kilimi and uchama dam,21
Kilotweni water supply,33
Kilumb,8
Kima,1
Kimanda,8
Kimani,14
Kimara Water Supply,2
Kimarare,5
Kimasaki gravity water supply,44
Kimele,10
Kimokouwa water project,13
Kimosonu gravity water supply,13
Kimuli  water sup,2
Kimuli water supp,3
Kimundo gravity water supply,12
Kina,3
Kinaduma  water supply,1
Kinambeu water supply,6
Kindoi streem,21
Kindoroko  water supply,10
Kindoroko water supply,48
King,8
Kino,13
Kinu,7
Kiny,10
Kinyang`a streem,2
Kinyang`ga stree,4
Kinyik,5
Kinyinya gravity water supply,18
Kionwa spring,2
Kipara,4
Kiparang'anda B Water Supply,2
Kiparang'anda Water Supply,6
Kipatimu water supply,1
Kipumbwi water suppl,13
Kiracha water supply,1
Kirachi water supply,1
Kiraeni water supply,2
Kiranjeranje  Water supply,1
Kiranjeranje Water supply,4
Kiranyi pipe line,16
Kiremeta water supply,3
Kiro,18
Kirokomu water supply,1
Kiromba water supply,4
Kirongwe water supply,1
Kiroriko water supply,11
Kirua kahe gravity water supply trust,193
Kirua kahe pumping water trust,113
Kirwa  water suply,1
Kirwa  water supply,7
Kirwa Keni water supply,4
Kirwa i water supply,1
Kirwa water supply,1
Kisa,1
Kisaika  pipeline,6
Kisaika pipeline,2
Kisale Kitale B water suply,1
Kisale Kitale B water supply,2
Kisale Kitale water supply,5
Kisamisi water scheme,1
Kisangilo pipelines,4
Kisangilo water scheme,5
Kisanja water supply,14
Kise,22
Kishiha,11
Kishoju Water  Su,19
Kishoju Water sup,3
Kishuro water sup,4
Kisi,6
Kisiki water supply,2
Kisimiri Juu gravity water supply,3
Kisimiri gravity water supply,22
Kiso,3
Kisogwe,1
Kisogwe /Mkugwa gravity water supply,5
Kisogwe /Mkugwa gravity water supply supply,2
Kisogwe/ Mkugwa gravity water supply,4
Kisuma,26
Kisumba water supply,11
Kisungule,1
Kit,55
Kitangwi Water Supply,1
Kitanu water supply,3
Kitanuwater supply,1
Kitarakakifua water supply,1
Kite,18
Kitend,8
Kitere water supply,13
Kitogoto Water Supply,6
Kitomanga,1
Kitomanga Water Supply,5
Kitopeni,18
Kitowo,9
Kitukuni water supply,11
Kitula,2
Kitumb,6
Kitumbeine water project,25
Kitunguli water supply,5
Kitwechembogo Water Supply,11
Kiumba water supply,10
Kiurio Bendera water supply,1
Kiverenge water supply,9
Kivitu gravity water scheme,7
Kiwa,2
Kiwala,4
Kiwangwa wate,7
Kiwawa gravity water supply,9
Kiwawa water supply,4
Kiwele,27
Kiyanga water supply,3
Kizara water supply,2
Kizi,4
Kizimba forest,1
Kizingu,28
Kizota,1
Kkkt,2
Kole,9
Kolo,10
Komaka mandaka,74
Komolo pipe scheme,14
Kong,5
Kong`hoi,18
Kongei water supply,24
Koronani Borehole,5
Kubi,1
Kubugege Solar Energy,1
Kulasi water supply,1
Kumsasa  spring source,13
Kumsasa spring source,3
Kumubila and mukalinzi  spring source,15
Kuna,2
Kungwa W,1
Kuri,6
Kurui water Supply,1
Kurui water supply,8
Kusahuga piped scheme,1
Kuut,3
Kw,5
Kwa,25
Kwa Nyange water supply,4
Kwa Sondro water supply,4
Kwa mboko water supply,1
Kwad,3
Kwagwisembeza,13
Kwah,4
Kwaikuru water supply,1
Kwakitau water supply,1
Kwakoa water supply,7
Kwam,1
Kwamalima water supply,1
Kwamazandu water sup,16
Kwamkole water suppl,2
Kwanamdingiriri,1
Kwanaraga,1
Kwaruhombo wa,8
Kwasenenge Group,1
Kwawameku water suply,1
Kwawameku water supply,14
Kway,9
Kwemishiwi water sup,1
Kwemkingu,1
Kwemkuna,18
Kwenangwa water supp,1
Kwevumo mountains sp,9
Kwevumo streem,10
Kwezitu mountains sp,7
Kwini water supply,11
Kwitaba spring source,5
Kyamakata Pumping water supply,7
Kyamakata gravity water supply,2
Kyamara gravity water supply,41
Kyengege  water supply,1
Kyengege water supply,8
Kyonza,39
L,16
LAMP,8
LAMP water Supplying,1
LAMP water supplying,4
LANCH,1
LENCH,4
LENCH TARAMAI,1
LION'S GERMANY,2
LIPS Borehole Scheme,2
LIPS Water Scheme,21
LUKINDO PUMPING SCHEME,10
LVEMP,4
LVEMP MICRO PROJECT,1
Laela group water Supp,31
Laik,2
Lake Natron water scheme,2
Lake Tanganyika Basin,1
Lake Victoria,6
Lake Victoria basin,2
Lake Victoria pipe scheme,45
Lake victoria pipe scheme,1
Lalago Piped water Scheme,5
Lalt,2
Lama,5
Lang'ata dapash water proj,3
Lashumbai water scheme,1
Lega,7
Lema water supplied scheme,35
Lemanyata pipe line,39
Lembeni water supply,10
Lendanai pipe scheme,10
Leng,1
Lenj,3
Leoroma water supply,1
Lerang'wa water,5
Lerang'wa water  supply,2
Lerang'wa water Supply,1
Lerang'wa water supplly,1
Lerang'wa water supply,15
Lerang'wa waterbsupply,1
Lesoit,3
Libango water scheme,17
Libango water use group scheme,50
Libango water use group science,1
Libobe water supply,8
Lichipi,1
Ligunga water gravity scheme,15
Lihimalyao water supply,2
Likamba mindeu pipe line,41
Likawage Water supply,6
Lima gravity water scheme,13
Lima gravity water supply,3
Lion's,1
Lionja A,8
Lipumburu Water,13
Lirang'wa water supply,1
Lituli,3
Liuguru,4
Lobosoit pipe scheme,3
Loca,1
Loliondo secondary scheme,4
Londo Water Supply,1
Londoni water supply,9
Longido,1
Longido water Supply,1
Longido water suppliy,1
Longido water supply,10
Longuo water supply,1
Loronu water supply,1
Loruvani gravity water supply,23
Losaa Kia water supply,52
Losaa kia gravity water supply,1
Losaa-Kia water supply,152
Losinoni maji salama,13
Losinoni pipe line,11
Lowasa pipe scheme,12
Lu,1
Luchelele Water Supply,2
Luchelengwa,8
Luchemo,7
Ludiha,6
Ludilu,6
Lufumb,5
Lufuo,29
Luga,9
Lugala,3
Lugara,10
Lugulu water supply,6
Luholo,9
Luhong,13
Luhu,6
Luka,6
Lukande,7
Lukare  water sup,2
Lukare water supp,24
Luko,5
Lukwal,15
Lumage,6
LumeyaKalebezoNyehunge water project,8
Lundel,4
Lundugu,14
Lunguo water supply,1
Lupali,22
Lupe,10
Lupila,16
Lupiro w,6
Lutende,11
Lutende Scheme,1
Lutindi water supply,1
Lutove,13
Luvulu,10
Luwamakaa branch line,2
Luwamakaa water supply,2
Luwasu water supply,7
Luwumb,4
Lwamakaa water supply,1
Lwamgasa,1
Lwih,7
Lyamungo umbwe water supply,120
Lyamungo-Umbwe water supply,92
Lyasa,4
Lyelembo water supply,9
M,400
MAKOGA,3
MAKOGA WATER SUPPLY,49
MAMBURAI SPRING,7
MANGISA,1
MANGISA RIVER,6
MARANG,1
MASIEDA,3
MAWASU,4
MISSION,5
MMILUKI,7
MONGAHAI RIVER,23
MPEISA,22
MRDP,1
MSRRWS,1
MVUM,12
MWS,59
Ma,51
Maambreni gravity water supply,125
Maambreni gravity water supply breni,1
Mabafu,11
Mabama water suppy,2
Mabatini,1
Mabilu W,12
Mabira water supp,32
Maboga,30
Mabokweni Water Supp,8
Mabula mountains spr,46
Mach,8
Machame Aleni water supply,11
Machame water supply,64
Machang'anja,3
Machoneni,3
Machumba estate pipe line,185
Mad,13
Madaba,2
Madamane,1
Madawa water supply,3
Made,3
Madiha,10
Madimba water supply,1
Mae pipeline,14
Maendeleo water supply,2
Mafi Mountain,1
Mafi Mountains,9
Mafinga,9
Maforoni Dam,14
Mafuriko  Water Supp,1
Mafuriko Water Suppl,1
Mag,6
Maga,1
Magadini pipe scheme,8
Magang,35
Magat gravity spring,10
Magati  gravity spri,1
Magati gravity water,44
Magati water schem,5
Magawa Water Supply,1
Mage,4
Magila-Mkumbara wate,1
Mago,9
Magoma water suoply,1
Magoma water supply,20
Magomeni,3
Magoto piped  water suplly,1
Magoto piped Water  suplly,2
Magoto piped Water seplly,1
Magoto piped Water suplly,4
Magoye,8
Magula Mwanyumba,1
Magula mountains spr,12
Maguli,5
Magundi water supply,1
Magungamzia water su,2
Maguri water supply,4
Maha,4
Maha water supply,2
Mahanj,4
Maheng,4
Mahida mawanda water supply,3
Mahida-mawanda pipeline,2
Mahida-mwanda pipeline,2
Maho,22
Mahongole Secondary gravit,1
Mahongole Secondary gravity,11
Mahulu,4
Mahunguru,1
Mahunguru water supply,1
Mahuni,29
Mahurunga water supply,6
Mahuta,3
Mahuta Scheme,3
Mahuu water supply,7
Maili Sita,5
Maja,5
Majego water supply,4
Majengo,3
Maji Coast (Ruvu),2
Maji Coast(Ruvu,2
Maji Coast(Ruvu ),7
Maji Coast(Ruvu),20
Maji Mingi,7
Maji mingi,16
Maji ya Chai gravity water supply,23
Maji ya Kutega,1
Maji ya kutega,19
Majimengi,2
Majimingi,30
Majonanga,1
Maka,20
Makamba kwa lukonge,9
Makanda Water supply,3
Makang,16
Makanga,6
Makanj,14
Makanjiro,1
Makanya Tae water supply,12
Makanya-Tae water supply,11
Makelele water suppl,10
Makeve,2
Makiba pumping water supply,5
Makidi water supply,10
Makiidi water supply,1
Makingo water supply,5
Makitikiti,2
Makiyui stream,22
Mako,20
Makokoro water supply,4
Makola water supply,3
Makonde Water supply,1
Makonde water Supply,4
Makonde water supply,5
Makondeko line,1
Maku,5
Makunda water supply,4
Makung,6
Makungwini water supply,2
Makusi,2
Makuyuni water suppl,4
Makwale water supplied sche,166
Malama,14
Malamba water supply,2
Malambo water scheme,18
Malampaka Piped water Scheme,9
Maland,11
Malatu Chini,8
Malatu chini,5
Malemb,6
Malemeo gravity water supply,1
Malemeu gravity water supply,33
Maleng,40
Maleut,11
Malinyi,7
Maliwa,15
Mallama,14
Malolo,3
Malolo dam,1
Mamb,4
Mambreni gravity water supply,29
Mamire water Supply,1
Mamire water supply,67
Mamrieni water supply,2
Mamsera water supply,24
Mananga-himo pipeline,12
Manc,5
Mand,1
Manda water supply,17
Mandawa,20
Mandera water supply,5
Mang,1
Mang'ora juu water supply,6
Mang`o,11
Mang`ula,33
Manga water supply,2
Mangamba forest,59
Mangil,28
Mangola pipe scheme,18
Mangu windmill piped scheme,3
Mangula,2
Manjau,1
Manonga,1
Manu,11
Many,12
Manyoni water supply,48
Manyovu,6
Manz,2
Mapi,11
Mapinduzi,9
Maramba gravity spri,51
Marambo,3
Marangu baraza,23
Marangu west,32
Maranje water supply,3
Marera  water supply,1
Marera water supply,4
Marera-Lole pipeline,13
Marieni Makanya water supply,7
Marine Park /Village,1
Mariteni,6
Marua msahatie water supply,23
Marua mshatie water supply,1
Masa,21
Masala,4
Masanwa Piped water Scheme,6
Masaseni water supply,8
Mashami water suply,1
Mashami water supply,2
Mashangwe,13
Mashangwi,1
Mashati Dispensary  water supply,1
Mashati Dispensary water supply,8
Mashati dispensary water supply,3
Mashati water supply,8
Mashewa water supply,4
Masimbani water supp,5
Masuki water supply,1
Maswa Water  supply program,20
Maswa Water supplier supply,1
Maswa Water supplier supply program,2
Maswa Water supply program,4
Maswa water supply,3
Maswa water supply program,7
Maswaswa water supply program,1
Matai group  Water Sup,12
Matai group Water Supp,10
Matai group water Supp,6
Matala pipeline,30
Matale water project,2
Matamb,19
Matekwe,1
Matemanga Water Supply,14
Mateng,9
Matiganjola hydram Scheem,1
Matiganjola hydram Scheme,1
Mato,6
Matopeni,1
Matu,10
Matuli/Mdaula,14
Matund,48
Matungwini Masheko water supply,3
Maun,4
Maunga R,3
Maut,10
Mavimba,1
Mawala,6
Mawamb,12
Mawande gravity Scheme,23
Maweni water supply,6
Mawolo,9
Maya,11
Mayeni water supply,10
Maza,6
Mazi,2
Mazimbu,7
Mazinde ngua water,7
Mazinde ngua water s,15
Mazinde water supply,11
Mazumbai,1
Mazumbai forest,7
Mba,12
Mbab,4
Mbae,6
Mbagula,11
Mbagwe,14
Mbakwe water supply,21
Mbakweni,3
Mbal,4
Mban,10
Mbanga,7
Mbatakero mradi wa Maji shu,1
Mbati Water Supply,16
Mbawala chini water suplly,1
Mbawala chini water supply,18
Mbembe gravity water supply,2
Mbika pipe scheme,4
Mbimbi water gravity scheme,15
Mbokomu east,25
Mbokomu west,7
Mbondo,6
Mbukeni water scheme,4
Mbunge,10
Mbuo mkunwa water supply,36
Mbuye,4
Mbwasa water supply,2
Mbwinji,5
Mbwinji/MWS,2
Mchangani,1
Mche,8
Mchomoro water gravity scheme,3
Mdando,2
Mdilid,5
Me,5
Memb,2
Meng,2
Mengwe water supply,4
Merali Juu line,1
Merali Line,2
Merali line,1
Mese line,1
Meseke,39
Meshili water scheme,6
Mfinga Water Supply,1
Mfiramaji,1
Mfulony gravity water supply,2
Mfumbi,15
Mfumbo,1
Mgama,18
Mgambo water supply,2
Mgandazi,65
Mgando water supply,3
Mganza water project,4
Mgaraganza  water project,5
Mgaraganza water project,21
Mgowel,30
Mgun,8
Mgwasi water supply,3
Mhembe,1
Mhunze water pipe scheme,1
Mhunze water piped scheme,7
Mi,24
Miangalua Water Supply,9
Miangalua water supply,1
Mich,5
Michee Borehole Scheme,1
Michenga,18
Miga,1
MigelegeleWater supply,2
Migoli,18
Mihama,3
Mikoma Water supply,3
Milala,3
Milepa water supply,8
Milola Water Scheme,20
Minaki Water Supply,5
Mindu Wa,8
Mindutulieni,5
Minepa w,3
Minist,4
Minyinya Piped water supply,9
Mipingo Water Supply,3
Mirerani pipe scheme,17
Mirumba,1
Misambo mlimani,1
Miseti,1
Misha water suppl,12
Misigiri water supply,11
Misigyo pipelines,6
Misigyo water scheme,4
Misiwa,4
Mission,2
Misufini water supply,5
Misyaje Water Supply,4
Mitanga,1
Mitema,86
Mitema /MWS,7
Mitema/MWS,6
Mivumoni borehole,3
Mjema Water Supply,8
Mjimwema,1
Mk,3
Mkabenga spring source,1
Mkahara water supply,3
Mkalama Water supply,36
Mkalamo water supply,22
Mkam,13
Mkangoru spring source,4
Mkanyundo,4
Mkasale/Mkotamo Water Supply,9
Mkata ri,5
Mkatoke spring source,5
Mkek,4
Mkeyui streem,1
Mkindu,17
Mkindu R,1
Mkok,8
Mkola Water Supply,1
Mkom,20
Mkomazi water supply,12
Mkomo water supply,5
Mkon,7
Mkongoro  Two,3
Mkongoro One,128
Mkongoro Two,147
Mkongoro one,29
Mkongoro one water project,2
Mkonjela,2
Mkonjela chini,2
Mkotokuyana,2
Mkoy,1
Mkuini paralle line,1
Mkuini parallel water supply,2
Mkulu water supply,8
Mkun,3
Mkunya,1
Mkunya/MWS,13
Mkuranga Water Authority,3
Mkuru Pumping water supply,4
Mkutimango water supply,3
Mkuy,17
Mkuzu forest,30
Mkwese water supply,13
Mlal,18
Mlala juu,2
Mlan,20
Mlang'a Water Supply,3
Mlangarini pipe line,34
Mleb,3
Mlem,4
Mlembea water supply,4
Mleni Water Supply,1
Mlima wa Nyasho,1
Mlimani,6
Mlimani pipe line,25
Mlimba W,35
Mlinga streem,26
Mlingotini wa,1
Mlombiza water suppl,3
Mlomboza forest,55
Mlow,18
Mlowa,45
Mlun,2
Mmashanda spring source,1
Mnaida,2
Mnas,5
Mnazi mmoja,1
Mnazi moja,1
Mnen,11
Mnero Miembeni,5
Mnerongongo,7
Mnima water supply,6
Mnini water supply,4
Mnivata water supply,2
Mnyawi water supply,30
Mnyuzi water supplly,2
Mnyuzi water supply,10
Mobuhasa spring source,6
Momb,2
Mombo water supply,13
Monayo water supply,4
Mondoros water scheme,1
Monduli pipe line,41
Mongwa r,38
Mongwe r,1
Moniki water scheme,4
More,6
Moroga,1
Moronga,34
Morongo,5
Mott,3
Mowasu,25
Mowo water supply,1
Mpal,1
Mpambie forest,3
Mpanga,2
Mpapula water supply,4
Mpen,4
Mpha,1
Mpin,1
Mpola water supply,8
Mpun,13
Mpute,3
Mpwa,6
Mradi wa Maji Aghondi,12
Mradi wa Maji Kitaraka,1
Mradi wa Maji mwanzi,5
Mradi wa Maji sekondari kizigo,1
Mradi wa Maji shule ya msin,2
Mradi wa Maji zahanati,2
Mradi wa Mission,9
Mradi wa Railway,2
Mradi wa maji,2
Mradi wa maji  Kadas,1
Mradi wa maji  nyanduga,2
Mradi wa maji Ilumba,10
Mradi wa maji Kiliwi,8
Mradi wa maji Kisumwa,2
Mradi wa maji Komuge,59
Mradi wa maji Kowak,8
Mradi wa maji Nyanduga,10
Mradi wa maji Ochuna,4
Mradi wa maji Shirati,51
Mradi wa maji Vijijini,1
Mradi wa maji Vijijni,6
Mradi wa maji Vijini,1
Mradi wa maji matendo,16
Mradi wa maji shirati,11
Mradi wa maji sikonge,4
Mradi wa maji vijijini,19
Mradi wa maji vijini,6
Mradi wa maji wa  Wino,1
Mradi wa maji wa Chanj,3
Mradi wa maji wa Ipole,23
Mradi wa maji wa Kakola,1
Mradi wa maji wa Kilagano,1
Mradi wa maji wa Kiloleli,6
Mradi wa maji wa Kiloleni,1
Mradi wa maji wa Kipanga,16
Mradi wa maji wa Mahanje,2
Mradi wa maji wa Majen,1
Mradi wa maji wa Maposeni,1
Mradi wa maji wa Matimila,2
Mradi wa maji wa Mbinga mh,1
Mradi wa maji wa Mbinga mu,1
Mradi wa maji wa Milan,2
Mradi wa maji wa Ndongosi,1
Mradi wa maji wa Ng`ambo,1
Mradi wa maji wa Rusimbi,1
Mradi wa maji wa bangwe,5
Mradi wa maji wa bombambil,1
Mradi wa maji wa buhanda,5
Mradi wa maji wa businde,4
Mradi wa maji wa chanj,7
Mradi wa maji wa chemchem,6
Mradi wa maji wa gongoni,2
Mradi wa maji wa gungu,6
Mradi wa maji wa isevya,1
Mradi wa maji wa izia,1
Mradi wa maji wa kabila,15
Mradi wa maji wa kagera,11
Mradi wa maji wa kakola,18
Mradi wa maji wa kalunde,1
Mradi wa maji wa kanyenye,2
Mradi wa maji wa kasen,4
Mradi wa maji wa kasimbu,2
Mradi wa maji wa kibilizi,1
Mradi wa maji wa kilagano,35
Mradi wa maji wa kiloleni,2
Mradi wa maji wa kipampa,1
Mradi wa maji wa kitete,1
Mradi wa maji wa kitongoni,2
Mradi wa maji wa kizwi,8
Mradi wa maji wa litisha,5
Mradi wa maji wa magagula,13
Mradi wa maji wa magagura,14
Mradi wa maji wa mahanje,46
Mradi wa maji wa majen,1
Mradi wa maji wa majengo,2
Mradi wa maji wa maji sikonge,1
Mradi wa maji wa malan,3
Mradi wa maji wa maposeni,22
Mradi wa maji wa matalawe,1
Mradi wa maji wa matan,18
Mradi wa maji wa matimila,52
Mradi wa maji wa matogo,1
Mradi wa maji wa matogolo,12
Mradi wa maji wa mazwi,2
Mradi wa maji wa mbia mhal,2
Mradi wa maji wa mbinga mh,31
Mradi wa maji wa mbinga mu,3
Mradi wa maji wa mbinu mha,1
Mradi wa maji wa mbugani,1
Mradi wa maji wa milan,18
Mradi wa maji wa misha,12
Mradi wa maji wa mjimwema,2
Mradi wa maji wa mollo,5
Mradi wa maji wa mpitimbi,40
Mradi wa maji wa mwanga kaskazini,1
Mradi wa maji wa mwanga kusini,2
Mradi wa maji wa ndilimali,12
Mradi wa maji wa ndongosi,13
Mradi wa maji wa ng`ambo,1
Mradi wa maji wa ntend,3
Mradi wa maji wa peramiho,78
Mradi wa maji wa pitio,1
Mradi wa maji wa pito,32
Mradi wa maji wa ruvuma,5
Mradi wa maji wa sed farm,1
Mradi wa maji wa senga,20
Mradi wa maji wa sikonge,26
Mradi wa maji wa tabora mjini,9
Mradi wa maji wa tambukaleli,2
Mradi wa maji wa wino,84
Mradi wa maji ya bomba mbaya,11
Mradi wa mifugo,1
Mradi wa mkombozi,23
Mradi wa msahika,1
Mrangamiza spring source,1
Mrao water supply,12
Mrere water supply,1
Mrij,7
Mrike water supply,5
Mroroma,22
Mrufiti,3
Mrunyina spring source,1
Ms,42
Msaginya,18
Msakangoto,25
Msal,6
Msandamuungano water s,5
Msangani Dam,1
Msanzi Water Supply Sc,6
Msanzi water Supply,17
Msanzu Kati,1
Msed,3
Mseke,22
Mseko water supply,13
Msemembo water supply,14
Msengoni B water supply,1
Msengoni water supply,1
Mset,5
Mshewa Water Supply,2
Mshi,1
Mshinde,1
Mshiri pipeline,22
Msin,8
Msirwa pipeline,10
Msis,7
Msitu wa tembo pipe scheme,43
Msjimingi,1
Msogorini water supply,3
Msolwa U,20
Msolwa W,14
Msowo water supply,17
Msumba  spring source,2
Msumba spring source,4
Msun,5
Mt,13
Mtam,35
Mtama water supply,5
Mtamba W,4
Mtan,13
Mtandao wa Mabomba,25
Mtandi Water supply,5
Mtanga  water supply,1
Mtanga disabled water supply,3
Mtanga water supply,5
Mtangashari,2
Mtapwa water supply,1
Mtawanya,1
Mtema/MWS,1
Mtikanga gravity Scheme,35
Mtikanga supply scheme,1
Mtimbira,72
Mtimbwilimbwi water supply,2
Mtiniko water supply,6
Mtir,1
Mtiro  pipeline,7
Mtiro pipeline,46
Mtit,7
Mtitimila Water supply,2
Mto,3
Mto China,9
Mtobo,17
Mtopwa water supply,3
Mtowisa water suply,32
Mtua,5
Mtulinjengwa water supply,3
Mtum,15
Mtumbei mpopera,1
Mtumbei mpopera water supply,1
Mtunduru,1
Mtunguruzi,1
Mtwango water supplied sche,30
Mubira and mukalinzi spring source,1
Mufisi,18
Muganza puping scheme,2
Mugoma  spring source,1
Mugoma spring source,1
Muhalala water supply,5
Muhembe,2
Muhuru,3
Mukabuye gravity water supply,22
Mulu,1
Mulufiti,1
Mumashanda spring source,1
Mumashua spring source,12
Mumikindo  spring source,1
Mumikindo spring source,8
Mund,9
Mung,5
Munga water supply,3
Munge pipelines,8
Munge water scheme,6
Mungongo,4
Munguishi pipe line,10
Murinyina  spring source,2
Murinyina spring source,3
Muriti Water Supply,14
Murubila spring source,15
Murufiti,28
Murukoli spring source,15
Murukonko spring source,6
Muruseno spring source,15
Murutunguru TTC Gravity System,2
Murutunguru Water Supply,8
Mushori,23
Muun,10
Muungano,6
Muwimb,29
Muyombo forest,10
Mv,4
Mvaji Ri,1
Mvaji ri,32
Mvango Water Supply,17
Mvugiro,2
Mvuh,7
Mvum,4
Mwabalebi village water pipe scheme,2
Mwadui piped scheme,9
Mwakau,4
Mwamagembe village water pipe scheme,3
Mwamagembe water supply,8
Mwamama,7
Mwamanoni village water pipe scheme,1
Mwamanota water piped scheme,5
Mwamapuli Irrigatio Scheme,1
Mwamapuli Irrigation Scheme,5
Mwamashele water piped scheme,1
Mwambashe branch line,1
Mwambashima piped scheme,1
Mwamihanza  piped water Scheme,1
Mwamihanza piped water Scheme,1
Mwan,12
Mwande,13
Mwando water supply,11
Mwang'hosha Nyamalogo,5
Mwang'humbi village water pipe scheme,1
Mwangwe,20
Mwanhuzi urban water supply,6
Mwanihan,19
Mwanona,2
Mwao/Mtimue spri,26
Mwarusembe Water Supply,2
Mwasai piped water Scheme,2
Mwasayi piped water Scheme,1
Mwaya Mn,47
Mwazye water supply,26
Mweka,1
Mwelia water supply,1
Mwembe Water Supply,13
Mwendakulima pipe,10
Mwera water supply,12
Mwese water supply,1
Mweteni Water Supply,3
Mwigimbi piped scheme,1
Mwigumbi piped scheme,9
Mwilamba,7
Mwimbi water supply,6
Mwit,9
Mwongolele water project,17
Mws,1
Myombo Water Supply,5
Mzia water supply,4
Mzinga r,17
Mzizima Water,1
Mzizima Water Supply,11
Mzog,2
Mzul,3
N,204
NCHULOWAIBALE WATER SUPPLY SCHEME,66
NIRAD,2
NKENJA,1
NYA /MAK /BUK piped scheme,1
NYA /MAK BUK/ piped scheme,1
NYA /MAK/ BUK  piped scheme,1
NYA /MAK/ BUK piped scheme,4
NYA/ MAK /BUK piped scheme,2
NYA/ MAK/ BUK piped  scheme,1
NYA/ MAK/ BUK piped scheme,6
NYA/MAK/BUK  piped scheme,1
NYA/MAK/BUK piped scheme,1
NYEHUNGE WATER SUPPLY,1
Nabai pipe line,42
Nabaiye pipe,1
Nabaiye pipe broken,1
Nabaiye pipe line,107
Naberera pipe scheme,2
Nachuma water supply,4
Naepo pipe scheme,3
Nagoma water supply,9
Nagu,2
Nahukahuka Primary School,1
Nahukahuka Water Supply,3
Naipanga,3
Naisinyia pipe scheme,19
Nakombo,22
Nala,11
Nalunga water supply,4
Naluwale/Mkwajuni Water Supply,8
Naluwande/Mkwajuni Water Supply,2
Namahimba Water gravity,1
Namahimba Water gravity scheme,25
Namahimba water gravity scheme,1
Namajani,7
Namambi water supply,1
Namanga water project,31
Namasakata Water Supply,1
Namaukula water supply,7
Namba 7 dam,1
Nambehe water Gravity scheme,1
Nameqhawadiba,1
Nameqhuwadiba,1
Nameqhwadiba,34
Namikango,8
Namindondi/mtendachi water supply,2
Nampemba,1
Namtibwili,1
Namuhi water supply,3
Namwawal,5
Namwinyu Water Supply,13
Nandembo Water Supply,17
Nang'awanga water supply,3
Nangunde,9
Nangurukuru water supply,6
Nanguruwe water supply,6
Nanjihi,4
Nansio Water Supply,4
Naroko pipe line,19
Narural Spring,1
Nasa gravity water supply,3
Nasibugani Water Supply,2
Nasula gravity water supply,102
Natural spring,2
Naumbu water supply,7
Navikole water supply,2
Nchi,4
Nchuch,3
Ndal,4
Ndapo,5
Ndea Karamba water supply,1
Ndimira,1
Ndimira water supply,6
Ndog,2
Ndomondo,5
Ndoombo gravity water supply,7
Ndor,4
Nduguti  pipes water supply,1
Nduguti pipes water supply,10
Ndul,4
Ndulam,12
Ndumbwi water supply,8
Nduruma pipe line,35
New keni A water suply,3
New keni A water supply,7
New keni Awater supply,1
New keni B water supply,3
New keni water supply,6
Ng,1
Ng'au,23
Ng'ulu,7
Ngabav,8
Ngabod,5
Ngamanga water supplied sch,74
Ngamanga water supply schem,1
Ngana water supplied scheme,270
Nganje Water Supply,1
Ngasamo Water Supply,12
Ngelen,15
Nger,16
Ngho,8
Nghu,15
Ngiresi  pipe line,1
Ngiresi pipe line,2
Ngoile water scheme,3
Ngom,5
Ngonja water supply,3
Ngorotwa Water supply,6
Ngoyoni hospital water supply,1
Nguj,1
Ngulu water Supply,23
Ngulu water supply,12
Nguluwater Supply,1
Ngumbaru Extension,1
Nguruma gravity water supply,3
Nguruta water supply,10
Ngusero water supply,1
Ngwarwa water scheme,13
Ngwinde water gravity scheme,12
Nhin,5
Nhobola piped scheme,9
Nhungu,5
Nike gravity water supply,1
Nike lakitatu gravity water supply,10
Ninga hydram water scheme,19
Niyumba water supply,5
Njalamatata water gravity scheme,62
Njalamatatawater gravity scheme,1
Njenga Water Supply,3
Njengwa water supply,3
Njia nne water supply,2
Njia panda  Piped water Scheme,1
Njia panda Piped water Scheme,8
Njinjo water supply,1
Njog,6
Njoishi water supply,13
Njomlole water gravity scheme,13
Njopeka Water Supply,1
Njoro Water Supply,21
Nkaj,2
Nke,7
Nkea,1
Nkenja,14
Nkho,1
Nkiniziwa and Mihama,11
Nkiniziwa na Mihama,1
Nkoarua gravity water supply,1
Nkonko water supply,8
Nkul,6
Nkunga,11
Nkura kilala gravity water supply,1
Nkuuny gravity water supply,15
Nkwe,1
Nkwenda water sup,17
No,2
Noli,2
None,644
Nrashu gravity water supply,7
Nsebi Ibanza,10
Nselembwe water supply,24
Nsololo water supply,13
Nsungu,2
Ntang'whale,1
Ntenga Water Supply,3
Ntila,3
Ntom,46
Ntwike water supply,8
Ntyu,1
Nugwe,1
Nungwa,2
Nungwe,5
Nya,13
Nyabibuye,1
Nyabibuye gravity water supply,9
Nyabugugo spring source,1
Nyabul,2
Nyachenda,47
Nyachenda water scheme,1
Nyafisi,29
Nyakabenga spring source,5
Nyakabila  spring source,1
Nyakabila spring source,12
Nyakabondo,2
Nyakagera  water,3
Nyakagera spring,1
Nyakagera water s,7
Nyakagezi spring source,9
Nyakagomba,9
Nyakahura Water  Supply,1
Nyakahura Water Supply,5
Nyakaiga  water s,5
Nyakaiga water su,5
Nyakarundi  spring source,2
Nyakarundi spring source,6
Nyakasanda gravity water supply,5
Nyakat,4
Nyakayenzi gravity point source water supply,1
Nyakayenzi gravity water supply,5
Nyakayenzi gravity/point source water supply,1
Nyakonga piped Water  suplly,5
Nyalik,13
Nyaluhande,10
Nyamabale spring source,15
Nyamabali spring source,1
Nyamag,5
Nyamalango Water Supply,3
Nyamasenene Water Supply,2
Nyamatoke piped scheme,12
Nyamisuli Water project,14
Nyamitoko  water,42
Nyamitoko water s,6
Nyamno,10
Nyamoli water project,14
Nyamtukuza,58
Nyamtukuza Point sources water supplier supply,1
Nyamtuza,1
Nyamugarika,19
Nyamwa,1
Nyamwa/kesangura water suplly,1
Nyamwaga /keisangura water suplly,2
Nyamwaga keisangura water  suplly,1
Nyamwaga/keisangura water suplly,1
Nyang',25
Nyang'hanga,2
Nyang'hwale,12
Nyanga/Kalege,12
Nyangamala Water Supply,2
Nyanganga water project,23
Nyangao Water Supply,39
Nyangoto water suplly,3
Nyankea Water Supply,3
Nyankumbu,3
Nyantamba,25
Nyanza water project,14
Nyanzari spring source,1
Nyanzari water spring,2
Nyanzoka,11
Nyarubano,33
Nyaruyoba /Kasaka gravity water,10
Nyaruyoba Kasaka gravity water,2
Nyaruyoba/ Kasaka gravity water,9
Nyaruyoba/Kasaka gravity water,2
Nyaruyoba/Kasaka gravity water supply,3
Nyarwele Water  S,4
Nyasembe,1
Nyashimo,1
Nyasho mlimani,1
Nyasovu,14
Nyazwa,8
Nyehunge water supply,4
Nyo,18
Nyumba ya Mungu water supply,8
Nyumba ya mungu pipe scheme,9
Nywang'hwale,1
Nywelo streem,22
Nzal,5
Nzas,4
Nzera,1
Nzi,42
Nzihi,51
Nzug,13
Nzul,2
O,6
OLD RUBALE WATER SUPPLY SCHEME,10
OMBASI,16
Obe,6
Ofisini chini,1
Olcholovos pipe line,11
Olchoronyokye water projec,8
Old keni water supply,15
Old mkuu water supply,1
Oldadai pipe line,3
Oldonyowas maji salama,23
Oldonyowas pipe line,1
Olgilai pipe line,14
Olikimo water project,15
Oljoro Namba 5 pipe scheme,4
Oljoro water pipelines,1
Oljoro water scheme,3
Olkimo water project,16
Olkokola mwandet pipe line,17
Olkokola pipe line,79
Olkokola-mwandet pipe line,13
Olkungabo gravity water supply,32
Olmolog water project,8
Olodwahi water project,3
Oloirien water scheme,1
Ololosakwan water scheme,2
Oltogomu water scheme,1
Olumulo pipe line,30
Olumuro pipe scheme,8
Omaro mosini water supply,2
Onya water  supply,2
Onya water supply,11
Oonjorai pipelines,1
Oonjurai water scheme,2
Orbomba water project,3
Oringa water supply,2
Orkesumeti pipe scheme,25
Orumekeke water scheme,4
Oshara water supply,2
Otaruni water supply,69
Ovad,5
P,12
PADEP,9
PADEP(MIFUGO),1
PIDP,1
Pahi,17
Pamila water project,14
Pamp,1
Pand,13
Pande Water Supply,6
Pande plot Water supply,1
Pang,4
Pareni Water Supply,1
Patandi gravity water supply,2
Pefa water supply,1
Pelei streem,14
Pemb,8
Ping,2
Pinyinyi water scheme,2
Pipe scheme,9
Pipe scheme Source,1
Police Sanya Juu service l,1
Pongwe Water Supply,1
Pote,6
Private,3
Private owned,8
Pwag,17
Pwani water supply,1
Pwani water supply (Ruvu),1
QUICK WINDS,1
QUICK WINGS,2
QUICKWINS,1
QWICKWIN,11
QWIQWI,1
QWUICKWIN,1
Quick wins Program,23
QuickWin,1
RADA,13
RC,1
RC CHU,4
RC MISSIONARY,1
RC Missionary,1
RC Msufi,1
RC Water Supply,1
REDESO,3
REGWA,1
REGWA COMPANY OF EGYPT,1
REGWA Company of Egypt,1
REGWA EGYPT,1
RIDEP,7
RUMWAMCH,45
RURAL WATER SUPPLY,7
RW,6
RWH,2
RWSSP,37
Rahaleo,1
Rain Water Harvesting,1
Rain Water Havest,1
Rain harvest,1
Rain water,7
Rain water harest,1
Rain water harvest,4
Rain water harvesting,8
Rain water havest,1
Rangeni water supply,2
Rau kariwa karikachi,5
Riftvalley Project water supply,26
Riftvalley project water supply,5
Rika,14
Riv,14
River,1
Robanda pumping scheme,24
Rodosi,1
Rofa,4
Roman,139
Rondo Water Supply,17
Ru,34
Ruangwa,10
Rug,10
Rugorogoro water,2
Ruhatwe water supply,2
Rumashi gravity water supply,18
Rundugu,1
Ruponda,2
Rupota,5
Rura,4
Rural  Drinking Water Supply - Japan,1
Rural Drinking Water Drinking Supply - Japan,1
Rural Drinking Water Supply,2
Rural Drinking Water Supply - Japan,1
Rural Water Supply a,2
Rural water sector and sanitation program,2
Rural water supply,13
Rural water supply &sanitation  program,1
Rural water supply &sanitation program,4
Rural water supply in Mwanza,2
Rural water supply&sanitation program,2
Ruvu Gwata water supply,1
Ruvu Juu,15
Ruvu Water Supply,5
Ruvu juu,1
Ruwini water supply,9
Ruyaya water supply,4
Ruz,6
Rwamgurusi miti w,15
Rwamgurusi water,8
Rwenganza Water Supply,4
Rwenkobe Water Supply,2
S,154
SAUWASA water supply,2
SHIMASA,2
SHIPO,31
SORA,11
Saadani Chumv,1
Saadani Water,2
Sabodo Borehole Scheme,23
Saga,16
Saibala gravity water supply,11
Saitero olosaita pipe line,56
Saka,1
Sakale water supply,9
Sakidawa,1
Sale water scheme,7
Sali Wat,11
Samaria,18
Samb,15
Samsria,1
Samunge Water scheme,3
Samunge water scheme,1
Sanga piped Scheme,1
Sanga piped scheme,3
Sanga windmill piped scheme,4
Sangalawe mountains,9
Sangamwalugesha Piped water Scheme,2
Sanire water supply,1
Sanjaranda water supply,10
Sanje Wa,33
Sanya Juu service line,1
Sanza water supply,10
Sao,14
Saranda water supply,4
Sasa,1
Sasaka village water supply,1
Sasani,4
Saseni,23
Sauwasa water supply,9
Sawasa water supply,2
Seela Sing'isi gravity water supply,13
Sega,8
Segera Estate,1
Segese pipe scheme,15
Seje,8
Sekei pipe line,20
Selo,5
Sema project,2
Senashida water supply,8
Serekari ya kijiji,1
Serian maji salama,1
Sero water scheme,1
Shaba water supply,3
Shadi Water Supply,2
Shagai streem,27
Shagayo forest,24
Shahude water supply,1
Shallow Well,1
Shallow Welll,1
Shallow well,89
Shapriya,1
Shengena water supply,10
Shengui forest,32
Shidere mrimasha water supply,2
Shidere mrimashe water supply,1
Shidere mrimashi water supply,1
Shigala Water Supply,1
Shilabela,1
Shilsbela,1
Shimassawe branch line,1
Shinyanga shallow well project,7
Shirimatunda,1
Shirimatunda Water Supply,16
Shirimatunda water Supply,58
Shirimatunda water supply,1
Shongololo gravity water supply,5
Shul,2
Shungubweni Water Supply,1
Sikonge water supply,1
Singino,1
Singiwe Water Supply,3
Sinyanga  water supplied sc,77
Sinyanga water supplied sch,100
Sisal eastate hale s,1
Sobodo Borehole Scheme,1
Sofi Maj,13
Sokeni pipeline,12
Sokoni II pipe line,16
Sokonoe Dam,2
Sola,1
Solo,1
Song,7
Songambele water supply,8
Songas Water supply,3
Songosongo Water supply,10
Songota pipe line,10
Songwi,19
Sopa water supply,14
Sori,1
Soro,2
Soya,5
Submersible,1
Sugu,3
Sui,1
Sukamahela water supply,8
Sukuro pipe scheme,1
Sumayan gravit water supply,11
Sunuka water project,13
Sura gravity water supply,2
Suwasa water supply,8
T,17
TASAF,34
TASAF Borehole Scheme,2
TASAF DAM,1
TASAF Water Supply,5
TASSAF,19
TASSF,2
TC,1
TCRS,1
TIRDO,2
TM Koboko water supply,3
TM Lawate  water supply,1
TM Naibile part three,1
TM koboko water supply,1
TM lawate  water supply,1
TM lawate water supply,6
TM lawate water suppy,2
TM part  Four,5
TM part Four,18
TM part Four oldonyo,1
TM part One,2
TM part Six,2
TM part Three,7
TM part Three water supply,1
TM part Two,1
TM part one water supply,1
TM part two,1
TM sanya Juu,1
TPRI pipe line,33
TREDEP,19
TWESA,1
Taba water supply,2
Tagame,10
Tam,5
Tamb,3
Tambukaleri,7
Tamk,4
Tamp,1
Tand,1
Tandal,19
Tanesco water supply,3
Tangawizi Water Supply,7
Tangawizi water Supply,1
Tangazo water supply,11
Tangeni,24
Tangini,5
Tank fu Mwenge,1
Tank fupi Mwenge,9
Tank refu Kasokola,4
Tank refu Mtakuja,7
Tank refu Sitalike,7
Tanload,1
Tanya water supply,5
Tanzania Egypt  Technical  Co-Operation,1
Tanzania Egypt Technical Co Operation,2
Tanzania Egypt Technical Co-Operation,1
Tanzania flowers pipe line,23
Tarakakifua water supply,4
Tawa,19
Tengeru gravity water supply,22
The Desk and chair fondation,1
Thobias Main Branch line,1
Tiflo masaki branch line,1
Timbolo sambasha TPRI pipe line,36
Tina,1
Tingatinga Ngerayani water,12
Tingi water supply,2
Toloha Water Supply,1
Toloha water supply,7
Toooha Water Supply,2
Toronto-estate water,1
Tove,38
Tove - Mtwango,1
Tove -mtwango,1
Tove Mtwango gravity Scheme,48
Tove mtwango,45
Tove mtwango water supply s,1
Tove- mtwango,1
Tove-mtwango,1
Tubu,19
Tumb,6
Tumuli water supply,8
Tung,1
Tungu river piped scheme,2
Tungu water piped scheme,14
Tungu windmill piped scheme,1
Tuta,5
Tutu,25
Tuvaila gravity water supply,54
Tw,8
Twendembele Water Supply,7
Tyeme water supply,7
U,58
UHEKULE,1
UNDP,60
UNICEF,8
UNICRF,1
UNUA piped scheme,12
US Embassy Borehole Scheme,15
UWAMAMA,4
Ubaa water supply,9
Uchira water users association,40
Ufinga river,38
Ugabwa,15
Ugalla water supply,1
Uganda,8
Uhamin,1
Uhekule,22
Uhel,3
Uhomin,11
Ujindale,1
Ujindali,1
Ujindila,1
Ujindile,12
Uk,2
Ukange,15
Ukondamoyo water supply,2
Ukumbi,4
Ukuu,1
Ukwama,20
Ul,3
Ulanda,25
Una mkolowoni,79
Underground water sc,1
Unenam,5
Ung'oro Water supply,1
Unyang,3
Upami gravity water scheme,19
Uponera,10
Upper  Ruvu,2
Upper  ruvu,9
Upper RUVU,1
Upper River,1
Upper Ruvu,17
Upper Ruvu Ba,11
Upper ruvu,12
Upuge water supply,8
Urambo water supply,15
Uriro gravity water supply,8
Uroki Bomang'ombe water sup,5
Uroki-Bomang'ombe water sup,209
Uru shimbwe,30
Usagat,8
Usambara Mountai,1
Usambara Mountain,1
Usanda,4
Usarangei  water supply,4
Usarangei water supply,2
Ushara lawate water supply,1
Ushara lawate water suppy,4
Ushiri water su-pply,1
Ushiri water supply,22
Usisya water supply,3
Uso,10
Ussoke mlimani water supply,11
Usungi,16
Uswa,1
Uswahilini,2
Utanzi,6
Utaruni pipeline,15
Utelewe,22
Utende water supply,4
Utengule gravity Scheme,25
Uto,7
Utweve,9
Uwekule,1
Uyovu water supply,2
V,2
Vianzi Water Supply,26
Vihi,1
Vikindu Water Supply,8
Viko,5
Villagers,1
Visiga water Suplly,1
Visiga water supplly,1
Visiga water supply,2
Vugiro,17
Vuje Water Supply,4
Vulue water supply,59
Vumamti,21
Vumari water supply,11
Vunta water supply,11
Vyama vya watumia maji,55
W,39
WAUSA,29
WD,1
WD and ID,15
WOULD BANK,2
WSDP,6
Waid,1
Wanging'ombe gravity Scheme,12
Wanging'ombe supply scheme,2
Wangingombe gravity Scheme,43
Wasa,21
Water AID,23
Water Aid,2
Water Caost,1
Water Project Mbawala chini,14
Water Sector Develop,13
Water board,19
Water from DAWASCO,33
Water pipe scheme,2
Water sector development program,9
Water supplying,2
Wekule,13
Welela Shallow Well,2
Welela Shallow well,1
Wili,3
Windmili system,1
Winz,5
Wisi,1
Wisu,1
Wiyamb,8
World Bank,60
World Bank Water Project,1
World Bank Water Supply,1
World Vision,9
World bank,2
World banks,27
World banks Water board,1
World banks Water supplying,2
World banks water supplying,16
World food program,17
World vision,1
YAEDA RIVER,2
Yongoma,16
Zahanati,1
Zahanati pipeline,1
Zaji,9
Zeje,7
Zepalama,5
Zepi,7
Zigi,3
Zimba water supply,1
Zingibali,19
Ziwani juu water supply,4
Ziwani water supply,8
Zo,9
Zois,4
Zuzu,9
earh fill dam,1
fini water,1
hekule,1
image water supply scheme,14
imalilo water supply scheme,20
imalinyi supply scheme,85
imalinyi water supply schem,51
improved,1
isoliwaya water supply sche,16
itulahumba water supply sch,16
iwafi water supply scheme,11
jongoj,1
jongoo,1
k,3
kaleng,23
kasahunga piped scheme,2
kidewa,6
kilumb,3
kimele,16
kisanga dam,1
lgongolo gravity water sche,1
libango water use group scheme,2
lugalo,15
lwanzali water supply schem,15
madage,3
magoto piped Water suplly,1
manyunyu secondary,1
manyunyu water supply schem,4
matembwe water supply schem,46
mazinde water  suppl,10
mbawala chini water supply,2
mbigil,13
mdandu water supply scheme,6
mhunze water piped scheme,7
moronga,3
mradi wa maji wa sikonge,1
mtikanga supply scheme,13
mtwango water supply scheme,152
mwamagembe windmill piped scheme,1
namekawadiba,1
ngamanga  water supplied sc,6
ngamanga water supplied sch,42
no scheme,37
none,25
not known,8
nyaluhande,1
olmolog water,1
pump,2
sakalenga water supply sche,14
shallow well,29
tove mtwango water supply s,2
tove-mtwango,1
upper Ruv,2
upper Ruvu,91
upper Ruvuv,1
upper ruvu,1
v,1
villagers,1
wananc,3
wangama water supply scheme,28
wanging'ombe supply scheme,234
wanging'ombe water supply s,261
wanginyi water supplied sch,16
water supply Katungulu,1
water supply at Kalebejo,1
water supply at Nyakasungwa,5
water supply in Mwanza,1
water supply in katungulu,9
